Original_Image,Format,Quality_Level,Category,Encoding_Time_sec,VMAF,Compressed_Size_Bytes,Baseline_PNG_Bytes,Storage_Saved_%,Y_MSE,Y_PSNR,Y_SSIM_w7,Y_SSIM_w11,Y_SSIM_w21,Cb_MSE,Cb_PSNR,Cb_SSIM_w7,Cb_SSIM_w11,Cb_SSIM_w21,Cr_MSE,Cr_PSNR,Cr_SSIM_w7,Cr_SSIM_w11,Cr_SSIM_w21
DOC01,AVIF,1,Document,2.889597800007323,88.879763,135774.0,1200133.0,88.69,46.05003,31.498504280597945,0.9830976054569632,0.9907243201566986,0.9943420303007824,2.1424828,44.8216302737875,0.9941569691940784,0.9938003252616412,0.9938940734153936,0.48997992,51.22902064049569,0.9973880628530488,0.9965066178175462,0.9954097727920858
DOC01,HEIC,1,Document,3.051514800012228,85.114803,130165.0,1200133.0,89.15,66.61191,29.895284903046434,0.9787307230193047,0.9876290616307531,0.9922586852128016,2.760674,43.72065246912985,0.9935524297548012,0.9932331384241518,0.9930453872894932,0.48728326,51.252988481115096,0.9975350630534994,0.9965898917605752,0.9952980684099888
DOC01,JPEG,1,Document,0.1344710000121267,75.404332,402556.0,1200133.0,66.46,112.58677,27.61593021197172,0.9553116398855068,0.968858502920869,0.9793372320577072,11.1493225,37.65831877701327,0.9872679835752808,0.9853894569830952,0.9836440065128464,5.697846,40.57369641684118,0.997410176880176,0.9967426553964644,0.9957209342624118
DOC01,WEBP,1,Document,2.6622783000057098,89.466147,273928.0,1200133.0,77.18,23.773664,34.36984234433851,0.9860412568072692,0.9929283639104856,0.995510955150957,2.89952,43.50754276341591,0.9919641202985756,0.9913584749510944,0.9915942465438982,0.61581564,50.23629634158453,0.9974004963422484,0.9966351560192308,0.9957513756636392
DOC02,AVIF,1,Document,2.7223974999942584,89.494489,106003.0,947640.0,88.81,34.70235,32.72721463500512,0.98556625676746,0.991760327691054,0.995433117921047,1.292113,47.01779873166792,0.9941391492272252,0.992326856301631,0.9902718837027236,0.8492179,48.84061217148854,0.9962171062002396,0.9950486745285712,0.9935116979724736
DOC02,HEIC,1,Document,2.994153599996934,85.804559,104104.0,947640.0,89.01,49.166157,31.21414080044174,0.9813496386549454,0.9886447069263176,0.9934974659892128,1.4810952,46.42497404870882,0.9941745250382026,0.9922344032270688,0.9895317988552206,1.3070563,46.96786060475368,0.9956247615637034,0.9940862425300236,0.9919996607376054
DOC02,JPEG,1,Document,0.1247860000003129,78.752655,353675.0,947640.0,62.68,80.81745,29.05575205117856,0.9642677290633308,0.9749411925730622,0.9841020822676264,35.32611,32.64984527259632,0.990970111970536,0.9873153431389324,0.9820586194843464,25.798773,34.014813172128946,0.992498698658451,0.9893629134509688,0.9849546303999366
DOC02,WEBP,1,Document,2.6916421999922022,89.683462,221498.0,947640.0,76.63,20.385607,35.03756712586744,0.9871033068172425,0.9932456040108556,0.9960881081396684,1.3089511,46.96156931755394,0.994173208307428,0.9924804162950688,0.9906821794550768,0.97813475,48.22681670943494,0.995671327311846,0.9943693213449408,0.9927338835017124
DOC03,AVIF,1,Document,2.759270900001866,89.011437,122795.0,1107130.0,88.91,40.64488,32.04074520374367,0.9843453382596012,0.9914365764637372,0.9947078820357051,3.0362408,43.30744140816221,0.991559412105228,0.990938877342389,0.9910153903601708,0.7875248,49.16816120826291,0.9962174753390288,0.9949206633053423,0.9933017127978168
DOC03,HEIC,1,Document,3.0515322999999626,85.010826,115985.0,1107130.0,89.52,58.14629,30.485583438610004,0.9809482451818344,0.9887794450898508,0.9929585408736072,4.068235,42.036743265574856,0.9894215782372584,0.9891178451723348,0.9891485549263616,0.74210656,49.42614091199157,0.99635489728155,0.9949617303401176,0.9928954845567824
DOC03,JPEG,1,Document,0.1281952999997884,74.855039,377187.0,1107130.0,65.93,108.734924,27.76711290306933,0.958455973397776,0.9710830036065944,0.9807257571648236,18.20356,35.52924035774552,0.9814652654098872,0.9788808136733224,0.9764339026921858,9.814781,38.21199742168846,0.9958961737781024,0.9948096104988948,0.9930502020028512
DOC03,WEBP,1,Document,2.6541265999985626,89.568864,249214.0,1107130.0,77.49,22.234648,34.66050102969743,0.986459739461383,0.992960381632344,0.99539895781049,4.8931303,41.234935780125575,0.9870550199436766,0.9855933959683651,0.9857283909203328,0.9653417,48.28399308130764,0.9961017433772836,0.9947840614107571,0.993287286445961
DOC04,AVIF,1,Document,2.8123874999873806,88.306058,153854.0,1246504.0,87.66,51.445274,31.017348687046336,0.9811181545836352,0.989817691307608,0.9937791621015762,2.0755405,44.95949131911959,0.9937640623796724,0.993231541984332,0.993410987597252,0.45930782,51.509765046423226,0.9977304344122236,0.9969686748841766,0.995966446746096
DOC04,HEIC,1,Document,3.0628475999983493,84.368579,144967.0,1246504.0,88.37,76.10209,29.316837752105155,0.9763594531323432,0.98641530573657,0.9917452663319442,2.614292,43.95726294223255,0.9933917850982854,0.9929321417053438,0.9928295862222029,0.6599532,49.93567243111484,0.9978391843533492,0.9969721137988736,0.995730862270205
DOC04,JPEG,1,Document,0.1323358999943593,76.620818,433101.0,1246504.0,65.25,125.621994,27.140146802073943,0.949007924435375,0.9651399220961686,0.9773806509211496,10.284647,38.0089098458331,0.9883346897002346,0.9868744908405488,0.9859191517006408,4.7046876,41.405495626560935,0.9975254768292002,0.9968717381691492,0.9959636040037504
DOC04,WEBP,1,Document,2.643205400003353,89.476906,298302.0,1246504.0,76.07,27.02875,33.81254416956778,0.9835514186809226,0.991900917113387,0.9949756058693714,2.8163333,43.63396306658686,0.9921360203864358,0.991213386989012,0.9914061001282658,0.50384104,51.107868234722176,0.997461271301284,0.9966902654696972,0.9957690762076024
DOC05,AVIF,1,Document,1.9638970000087284,88.655146,139350.0,1297428.0,89.26,46.463062,31.4597252399199,0.9825364349857276,0.9901950289196738,0.9940360200902656,3.234289,43.03301546027196,0.9910180911691882,0.9905427997090156,0.9907453541071594,0.9413547,48.39327082594477,0.9959905637326214,0.9947081513688592,0.9932040775823238
DOC05,HEIC,1,Document,3.137037099993904,84.579261,134807.0,1297428.0,89.61,66.00032,29.93534309634125,0.9780681564131718,0.986674033923822,0.9917915169449132,5.3121424,40.87810661404606,0.9885356241263508,0.98752156741313,0.9867131093563328,0.82577205,48.96220186636505,0.9959115852254956,0.99429392721379,0.992038413171394
DOC05,JPEG,1,Document,0.1296117000019876,76.444611,407024.0,1297428.0,68.63,134.72289,26.83638977786481,0.9496769384581945,0.9642586405857332,0.9754503443445672,23.19675,34.47653206964594,0.978855839708022,0.9747463932058598,0.9704299548427552,11.727341,37.438808222437146,0.9956195962540376,0.99431722611619,0.9920462155473498
DOC05,WEBP,1,Document,3.4981895000091754,89.641339,280540.0,1297428.0,78.38,25.719067,34.02825174216035,0.9839917179158804,0.99191676382792,0.994932194943834,4.803083,41.31560274037487,0.986946751225765,0.9859477005460672,0.986325350067894,0.95900416,48.31259868838825,0.995735645057303,0.9942674779841404,0.9925433602964208
DOC06,AVIF,1,Document,1.9654692000040088,88.887628,124998.0,1034479.0,87.92,42.01031,31.897244463365336,0.9840892759377228,0.991160734763714,0.994534879924744,1.3154887,46.939932531320224,0.9958880243632277,0.9953971972650876,0.9951319080097066,0.6979081,49.69282104170459,0.997623149831138,0.996997692020446,0.996281993073562
DOC06,HEIC,1,Document,3.083568200003356,85.875357,118615.0,1034479.0,88.53,59.79474,30.364173707244696,0.980003376547216,0.9882713968403548,0.99257332111547,2.3595304,44.40254775111902,0.9945390869262962,0.9935797648251156,0.9927222218944516,0.67522293,49.83633192712679,0.997232423987822,0.99638880363883,0.9954515680809762
DOC06,JPEG,1,Document,0.1237832000042544,77.437536,381657.0,1034479.0,63.11,102.25988,28.033750855250148,0.9578988226537454,0.9700812268677472,0.979583678897082,13.707689,36.76116115975093,0.99067666432137,0.9884278892924586,0.9858687528862692,10.2089205,38.04100547773333,0.9960663796538572,0.994791819585126,0.992872691576172
DOC06,WEBP,1,Document,3.4873010000010254,89.646185,249888.0,1034479.0,75.84,22.579285,34.59370176932927,0.9869383310062932,0.9930381149778236,0.9954270958301,1.8722802,45.40709521462098,0.9939757731065731,0.9931568417797708,0.9928530658747544,0.8444635,48.86499449750778,0.996195916700112,0.9949686459001608,0.993690392361596
DOC07,AVIF,1,Document,3.090801199999987,87.490146,193206.0,1690748.0,88.57,68.71815,29.760089178936376,0.97577798830292,0.9867226030409788,0.9919097194404736,0.19687669,55.18886056325961,0.9995894366658892,0.9995463018461695,0.9994242953223816,0.57172143,50.558958920264686,0.9995771633201984,0.9995590025035102,0.9994698131126384
DOC07,HEIC,1,Document,3.0898025000060443,82.376139,189015.0,1690748.0,88.82,100.68084,28.101335354428397,0.9709596622186532,0.9828782101905758,0.9897498101812192,0.4337538,51.75837077176067,0.9990411484539812,0.9989326281020716,0.9986551094234464,0.901207,48.58255803755655,0.9992693043838164,0.9992699810445612,0.999188684604958
DOC07,JPEG,1,Document,0.1313287000084528,74.642048,476731.0,1690748.0,71.8,154.37587,26.245009299815223,0.9398291907172488,0.95802207667073,0.9731544649781066,1.0959606,47.7328541394924,0.9983579014941404,0.9978328722532211,0.9966673612976802,2.2686834,44.57306462072711,0.9981965449062944,0.9980766270457404,0.997841192939253
DOC07,WEBP,1,Document,2.715068799996516,88.631043,375464.0,1690748.0,77.79,35.116867,32.67564602742369,0.9813094541041358,0.990708123388394,0.9945769794358768,0.5587627,50.65852929951777,0.998589870210642,0.9982637885818731,0.9977617069731588,1.0659404,47.85347438932094,0.99900407295584,0.9989473486906224,0.9987632739112078
DOC08,AVIF,1,Document,2.9563188000029186,88.080369,164699.0,1434120.0,88.52,54.24602,30.787124778315597,0.9799968910250086,0.988638239048486,0.9929587959450508,2.7405186,43.75247620684426,0.9925667777131056,0.9921310724377757,0.9921813354703533,1.1332664,47.58748333226914,0.996702022285836,0.9955425199156313,0.9940217312914852
DOC08,HEIC,1,Document,3.0164441999950213,83.830703,158521.0,1434120.0,88.95,77.54119,29.235478914080044,0.975499857002044,0.9853056864890364,0.990806009507765,3.834432,42.29379332740432,0.9908899330412236,0.990438196486998,0.9902864255799956,1.1903324,47.37412102078285,0.9963145057659974,0.9949421074877166,0.9928567460110156
DOC08,JPEG,1,Document,0.1339181000075768,74.593335,428984.0,1434120.0,70.09,140.05463,26.667829149169343,0.947102167360652,0.9624518429174872,0.975180470781205,17.077337,35.806602122787936,0.9825133203805164,0.9802832188150484,0.977653578991228,9.911695,38.16932446847987,0.9952712385935524,0.99418045639027,0.9923543046024632
DOC08,WEBP,1,Document,2.6919351999968057,88.847573,317008.0,1434120.0,77.9,29.08276,33.494447221105226,0.9832820991693382,0.9909109279373234,0.9940923915847272,4.424288,41.67237004998224,0.9882947892034828,0.9871202914386537,0.9870637734200411,1.4598192,46.48781291820815,0.9959113370310332,0.9946794580495188,0.9930951594554822
DOC09,AVIF,1,Document,2.026034199996502,88.509543,142406.0,1212418.0,88.25,50.50098,31.09780548047915,0.981954524792252,0.990348523357404,0.9943165236570808,0.2277501,54.55621799380326,0.9998132754776498,0.9997811804506777,0.9996730395461968,0.18444157,55.47221565920352,0.9997084446263328,0.9997813337622604,0.9997394958377248
DOC09,HEIC,1,Document,1.6577045000012731,84.663972,144098.0,1212418.0,88.11,69.84896,29.68920411000338,0.9789169494914,0.9877235473081076,0.992695569925578,0.23576301,54.40604693915199,0.9998172729162614,0.9998010591770988,0.999729177394239,0.33712587,52.85288288001529,0.9994794843372062,0.9996565534004072,0.9996336299064792
DOC09,JPEG,1,Document,0.1272188000002643,76.717415,411105.0,1212418.0,66.09,108.501,27.77646613051171,0.9557471927895264,0.9696947313749128,0.9812731497667392,0.66222477,49.920749311025205,0.9992906116336931,0.9992709111866256,0.999222587712554,0.59864664,50.35909798456608,0.9991349240946809,0.9992857905482864,0.999223378826641
DOC09,WEBP,1,Document,5.586173400006373,89.409241,284306.0,1212418.0,76.55,25.392551,34.083740132294565,0.9861417919874454,0.9933776050053926,0.996283315657972,0.23166679,54.48216593237932,0.9997814174788624,0.9997608898559284,0.9996702263809378,0.46844146,51.42425056157136,0.9993202579841756,0.9994834910090652,0.9994622415185128
DOC10,AVIF,1,Document,2.112928300004569,85.500781,141620.0,1407243.0,89.94,72.80371,29.50926848053799,0.9856559724322648,0.9892135674953344,0.99228575442304,0.0,inf,1.0,1.0,1.0,0.0,inf,1.0,1.0,1.0
DOC10,HEIC,1,Document,1.647408799995901,80.14432,184323.0,1407243.0,86.9,101.74513,28.05566727159437,0.9829677584659112,0.9868703427734702,0.99034582413007,0.0,inf,1.0,1.0,1.0,0.0,inf,1.0,1.0,1.0
DOC10,JPEG,1,Document,0.1323353000043425,71.691839,410925.0,1407243.0,70.8,136.63733,26.775109926240237,0.959473416025875,0.9677239008647452,0.977793373871136,0.0,inf,1.0,1.0,1.0,0.0,inf,1.0,1.0,1.0
DOC10,WEBP,1,Document,5.98274420000962,87.629082,365318.0,1407243.0,74.04,33.923462,32.825801860102374,0.990286169157796,0.9932084103620475,0.995623679042834,0.0,inf,1.0,1.0,1.0,0.0,inf,1.0,1.0,1.0
DOC11,AVIF,1,Document,1.2108288000017635,74.074394,84267.0,11383508.0,99.26,27.91895,33.67181279483206,0.9679600955326442,0.97221675394648,0.976066359069779,4.771789,41.343991354827125,0.9858105993027836,0.9846609428108716,0.9830473668521128,0.77063847,49.2622966946717,0.9978609142547168,0.9971182611420596,0.995927605881608
DOC11,HEIC,1,Document,2.8832124000036856,65.779463,62624.0,11383508.0,99.45,35.00649,32.68931819202154,0.95984921525053,0.9636526957378768,0.9679964850593286,6.924265,39.72706692056282,0.980369144488421,0.978556778793514,0.9761221355190194,0.5940565,50.39252623075298,0.997919781379862,0.9972161098896676,0.9961203261294824
DOC11,JPEG,1,Document,0.3609713999903761,45.821474,253896.0,11383508.0,97.77,64.20481,30.055127996557708,0.9345240505469224,0.937618950566228,0.939959931168364,19.6853,35.18938298010455,0.9598688529589272,0.9468443550292692,0.9254449758101726,0.46006525,51.502609100160576,0.9982135785346002,0.99758149122243,0.9965645374990432
DOC11,WEBP,1,Document,6.125434900008258,78.673837,192170.0,11383508.0,98.31,20.327494,35.049965406154065,0.9676884031976096,0.9712790460968048,0.974554057625064,7.7041416,39.26356114594433,0.9756245469618376,0.971069272285334,0.9657984539322952,0.780686,49.20603942214494,0.9968147615642996,0.9955119032624554,0.9932674545413764
DOC12,AVIF,1,Document,1.294760100005078,74.175507,91646.0,11705546.0,99.22,31.327272,33.1715778127459,0.9664384110951136,0.9716415664040444,0.975963667006966,5.107797,41.04846727197796,0.984219255926697,0.9830290965017,0.9818425399071444,0.7352235,49.46661010261938,0.9975481811020244,0.9966501442923386,0.9952680543214528
DOC12,HEIC,1,Document,2.798326000003726,66.246745,68840.0,11705546.0,99.41,39.61596,32.152101721477344,0.9577506377368284,0.9626724067269702,0.9678605517047228,7.974119,39.11397649122616,0.9777881667875716,0.9756076465793324,0.9731375972590312,0.6223518,50.19044399929136,0.9976394162422112,0.996801266245618,0.9955373116445992
DOC12,JPEG,1,Document,0.3547978999995393,46.100475,258419.0,11705546.0,97.79,69.655655,29.701239766595563,0.9312167140909547,0.9356744997170902,0.939837412706214,21.713959,34.76341348281323,0.9574236461082434,0.9439466328654472,0.9219096852633214,0.5641064,50.61719324912488,0.9979052433413036,0.997110364747697,0.995840017055711
DOC12,WEBP,1,Document,6.428261799999746,77.94001,201568.0,11705546.0,98.28,23.725697,34.37861375997428,0.9649724139645032,0.9696948088786972,0.9736440398297308,8.2368765,38.97317806206706,0.9741536354345074,0.9696921007062992,0.9651310335174366,0.46699202,51.4377088618264,0.9971859361217592,0.996247671244594,0.9948358090259816
DOC13,AVIF,1,Document,3.182082899991656,72.857492,100932.0,12262582.0,99.18,42.45876,31.85113054896261,0.9664149673032334,0.9718786164237254,0.9762491436431204,6.150399,40.24177051978664,0.9824945471552504,0.9814951882786144,0.9802421704052904,0.84126896,48.881454755437126,0.9972721820322912,0.9962221957186544,0.9945290027735318
DOC13,HEIC,1,Document,9.370524600002682,65.688316,78439.0,12262582.0,99.36,51.454464,31.016573091709432,0.9587214774312688,0.964410707150976,0.9697943060706872,9.2893915,38.450931020676194,0.9753198386844648,0.9738611136689572,0.9721984836940366,0.68242943,49.79022615463171,0.9973892535060658,0.9964346173011528,0.9949379978996962
DOC13,JPEG,1,Document,0.3589224000024842,46.137679,271830.0,12262582.0,97.78,83.486176,28.914657903608123,0.9353052603432322,0.9407221929528456,0.9446010986474652,24.703184,34.20327416323427,0.9522982797529186,0.9387425168335832,0.916694429757697,0.7052028,49.64766320852345,0.9975087584007006,0.9965582395725312,0.9949858995245012
DOC13,WEBP,1,Document,13.768386900002952,78.017655,226708.0,12262582.0,98.15,27.366987,33.75853353124264,0.9690993421022474,0.9737731476585528,0.9775528735346396,9.602714,38.30686385977533,0.9716218664356608,0.9673290396515156,0.9626176897091078,0.56944835,50.57626022754835,0.9968310355637716,0.9956867159276916,0.9938973503403412
DOC14,AVIF,1,Document,3.334313499988639,73.711861,84566.0,11307506.0,99.25,32.750652,32.978604125080395,0.9674818908635864,0.9724893677907266,0.9770475675544108,4.91503,41.215542020976336,0.985127482916068,0.98389979231013,0.9825170929458876,0.67680126,49.82619186578295,0.9978418142356864,0.9971252124588258,0.9960024453819034
DOC14,HEIC,1,Document,12.720552700004191,66.912955,65426.0,11307506.0,99.42,40.41143,32.065761423427986,0.9596721917068418,0.9644885368495442,0.9697108773069896,7.504101,39.37781684337001,0.978922844121736,0.9769993803679392,0.9744310033976522,0.5609522,50.64154508866011,0.9978908368520036,0.997200724252688,0.9961436851382018
DOC14,JPEG,1,Document,0.3508866999909514,46.988693,263254.0,11307506.0,97.67,68.53329,29.77178805183552,0.9370105894943024,0.941202576468802,0.9447083220641236,20.807795,34.94854296745359,0.9587618757448724,0.9455042987873624,0.923647767721008,0.45176584,51.58166977876733,0.998148454850295,0.997505446280078,0.996468408396866
DOC14,WEBP,1,Document,11.329232100004448,78.532713,199366.0,11307506.0,98.24,22.268087,34.653974483361075,0.9682612947092292,0.972660403863761,0.976720963413742,7.94792,39.12826869590041,0.9751831773898522,0.9706024535273724,0.9653148913959176,0.774895,49.23837496394108,0.9966986238038548,0.9953457240817276,0.9930412368010456
DOC15,AVIF,1,Document,5.211541900003795,77.556883,55753.0,8958264.0,99.38,11.31629,37.59376287156599,0.97417161955494,0.9773098076991482,0.980555472129219,2.3350248,44.44788862619027,0.9910869976453291,0.9899788484058494,0.9886435603047824,0.48996913,51.229116258373146,0.9989046627773271,0.9986818656855057,0.9983039670052968
DOC15,HEIC,1,Document,11.517182499999764,69.091377,40556.0,8958264.0,99.55,15.6661415,36.181183000712,0.9672329657889877,0.9700410665016174,0.9739101935075976,3.088501,43.23332604175717,0.9880049100855456,0.9866008697660488,0.9847838144561856,0.3592602,52.57671264083896,0.9988553723416116,0.9986227456680298,0.9982816804310638
DOC15,JPEG,1,Document,0.3439322000049287,39.74871,232641.0,8958264.0,97.4,42.624367,31.8342242900158,0.9421995586057292,0.9442605589258496,0.9459375752732168,14.736162,36.446959639245,0.9694081873441008,0.9559916059327174,0.932957828613642,0.0749513,59.38301209581046,0.9994332964366796,0.9993311370157646,0.9991837312928784
DOC15,WEBP,1,Document,9.384774200007088,77.893958,140404.0,8958264.0,98.43,12.89194,37.02762086850992,0.9691460299404728,0.9725565599312253,0.9759811167164548,4.8974385,41.23111358985245,0.9811884555412648,0.9768348932034236,0.9717219172713634,0.5643405,50.61539149085672,0.9978506902781406,0.9969888316863628,0.9954074698061612
DSC00001,AVIF,1,Smooth,1.1143912999978056,95.982362,728164.0,17725598.0,95.89,0.76529884,49.29249286221997,0.9925780628803864,0.992118733171386,0.9916920360792356,0.90078527,48.58459087465288,0.9932874089543112,0.992760832991406,0.9921830491776328,0.96085376,48.30423050310519,0.9912976001380236,0.9906923684779196,0.9901118718132468
DSC00001,AVIF,2,Smooth,1.64416749999873,95.731346,2149788.0,17725598.0,87.87,0.724726,49.5290650904129,0.991772135017269,0.9914247213578644,0.9912011797543824,0.8599175,48.78623571344012,0.9931642775151998,0.9927212356703368,0.9923111462144792,0.9143066,48.51988503870408,0.9911847213522804,0.9907025359801042,0.990316415747163
DSC00001,AVIF,3,Smooth,2.1972273999999743,96.637201,4713166.0,17725598.0,73.41,0.5721411,50.5557720207404,0.9936523179746172,0.9933686470571688,0.9931681267701042,0.82400435,48.97150875839443,0.9935342135393382,0.9932418232049048,0.9929497665963756,0.85934466,48.789129726058334,0.99184138335953,0.9915480770170167,0.9913017359325188
DSC00001,HEIC,1,Smooth,4.019552900001145,95.813826,828938.0,17725598.0,95.32,0.73285013,49.48065204537279,0.992843964970332,0.99259126542248,0.9923636197646828,0.85083836,48.83233316409179,0.9921725992701876,0.9916662630260304,0.9911218410882134,0.91339594,48.52421280617881,0.9904639120409006,0.989865464953626,0.9892818241852296
DSC00001,HEIC,2,Smooth,6.354327900000499,96.003793,1771970.0,17725598.0,90.0,0.64667815,50.023921641717706,0.9931537568752794,0.992910719235277,0.9927216952278324,0.7833866,49.19104213030109,0.9925055236202884,0.9920672783809642,0.991599848086851,0.834912,48.91439665943665,0.99081533138555,0.9903234322090584,0.9898465430962166
DSC00001,HEIC,3,Smooth,11.092230700000073,96.549128,4587165.0,17725598.0,74.12,0.54669803,50.75332840670014,0.9935246178258458,0.9933686693851328,0.9932989852761628,0.73128366,49.48994493581022,0.9922135837795124,0.9919453422086084,0.9916820442450228,0.755866,49.34635566916224,0.9908567829371282,0.9905925620066776,0.9903547759900584
DSC00001,JPEG,1,Smooth,0.1340665000025183,93.57718,758681.0,17725598.0,95.72,1.1878908,47.38303863334626,0.9907017945954686,0.990068995959519,0.9893717343562936,1.172222,47.440704908259306,0.990735708856954,0.9898937139628992,0.9888347315627276,1.1797782,47.41279999948989,0.989145803163424,0.9882669978874236,0.9873593767011128
DSC00001,JPEG,2,Smooth,0.0499046000004455,95.748744,1739973.0,17725598.0,90.18,0.7107451,49.61366507176579,0.992337788629892,0.992059542334131,0.9918505072052588,0.70826197,49.62886439606236,0.9928987611482948,0.9924333511633951,0.991888136341508,0.8037118,49.07980017221189,0.9911198292131096,0.9906338810518444,0.9901243492236518
DSC00001,JPEG,3,Smooth,0.0672264999993785,96.124063,4162592.0,17725598.0,76.52,0.5987946,50.35802487284354,0.9928208303089882,0.9926072852047012,0.9924923732834332,0.6127178,50.25819845305787,0.9933733543068458,0.9929740422815942,0.9925493422880128,0.67786974,49.81934106953834,0.9918159813419536,0.9914698833992772,0.9911378100155722
DSC00001,WEBP,1,Smooth,5.521076400000311,95.308831,704454.0,17725598.0,96.03,0.79519993,49.1260403906937,0.9924147854265004,0.99224664424009,0.992195963779204,0.6729145,49.851204766931616,0.9929195494377776,0.992306726157422,0.9918507837290534,0.7831982,49.19208679938809,0.990937307827216,0.9902075157350644,0.9897704960803028
DSC00001,WEBP,2,Smooth,7.698173700002371,95.87857,1725054.0,17725598.0,90.27,0.57130545,50.56211993306626,0.99341287311418,0.9932441505547506,0.9931893074667588,0.60435265,50.31789914023693,0.9936800719439984,0.993261162762156,0.9928574327353228,0.670766,49.86509315388653,0.991920042032834,0.9914915414356832,0.9911531301243336
DSC00001,WEBP,3,Smooth,3.498709900002723,95.993773,1777934.0,17725598.0,89.97,0.5604666,50.64530638557812,0.9934469797532468,0.9932663880599149,0.9932026272207428,0.63513184,50.10216483973102,0.993293895612838,0.9928833754849964,0.9925071728689536,0.70242137,49.66482652111155,0.9915120599705164,0.9910891382846564,0.9907766694808378
DSC00007,AVIF,1,Macro,0.9101569000013114,96.625894,728221.0,27945907.0,97.39,1.1691728,47.45201672126332,0.98544959695587,0.9859238803309794,0.9872446533909156,1.227573,47.24033015476722,0.9860271703118374,0.9852637821695104,0.9849186711854128,1.378307,46.73734419874642,0.983838814502556,0.9830400607423726,0.9827571031981904
DSC00007,AVIF,2,Macro,1.0758484999969369,96.817814,1698516.0,27945907.0,93.92,1.007378,48.09887915326341,0.9868592906581368,0.9873442355882124,0.9885307052346376,1.152987,47.512559424371645,0.9864840127163256,0.9858948276770012,0.9856488366475002,1.279183,47.06147676765782,0.9844099131495844,0.9838182347096754,0.9836417642796093
DSC00007,AVIF,3,Macro,1.9605473000010527,96.883904,4792774.0,27945907.0,82.85,0.73694843,49.45643274123874,0.9899036768871496,0.9903280618592546,0.991256611591192,1.0099736,48.08770313386917,0.9878509253216554,0.9875812797003936,0.9875443756941464,1.0871898,47.767749937068864,0.986221790788259,0.9860312032953502,0.986105020529876
DSC00007,HEIC,1,Macro,3.4588306000005105,96.117668,693836.0,27945907.0,97.52,1.1702532,47.44800524873396,0.9863503275747628,0.9870431896188042,0.9884681258340317,1.26179,47.12093260577235,0.9847640003838288,0.9837191251050456,0.9831629026435816,1.4701594,46.457159421260144,0.982443183984714,0.9814309986406228,0.9810017261074068
DSC00007,HEIC,2,Macro,8.746523199999501,96.49884,1689383.0,27945907.0,93.95,0.9756608,48.23781521530484,0.9881306853733218,0.988745457011729,0.9900139449605418,1.1329671,47.5886306462572,0.9852611644889,0.9845630441600584,0.9842884590105744,1.2903982,47.02356612845833,0.9832396683427862,0.9826662251131204,0.9825664293716796
DSC00007,HEIC,3,Macro,9.770986599996832,96.779774,4347289.0,27945907.0,84.44,0.7541805,49.35605067111147,0.9903936867973218,0.9909412502453346,0.9920067250695302,0.971965,48.25429718615682,0.9863595355257164,0.9860732793157896,0.9860753063487028,1.092084,47.74824301639279,0.9848567708398344,0.9847299917508706,0.9849036479383244
DSC00007,JPEG,1,Macro,0.0738687999983085,91.846828,758619.0,27945907.0,97.29,2.2630503,44.58386139028562,0.9784970898607196,0.9788122368263146,0.9803742525065262,1.8842657,45.37938224512918,0.9813893031947252,0.9792814661775,0.9777558440524918,2.1160383,44.875568188538566,0.9784650937971696,0.976411026417244,0.9751540400499484
DSC00007,JPEG,2,Macro,0.0907301999977789,96.359336,1718780.0,27945907.0,93.85,1.1179459,47.64659574111391,0.9860305439453624,0.9866099490026452,0.9878668428895476,1.1809736,47.40840150868699,0.9848908004415442,0.984145234360476,0.983774112667739,1.342029,46.85318466057553,0.9828614231323392,0.9821354094312992,0.9818278332642972
DSC00007,JPEG,3,Macro,0.1088224000013724,96.808918,4161218.0,27945907.0,85.11,0.8632808,48.76928284649425,0.9884380755276856,0.988976613464058,0.9900806105033544,0.9543874,48.33355669458611,0.9862709222111484,0.986026337642638,0.9860508573951922,1.0646963,47.858546147832506,0.984554978152302,0.9844042376212442,0.9845609325386856
DSC00007,WEBP,1,Macro,4.293369300001359,95.888286,753342.0,27945907.0,97.3,1.2441496,47.18207773750999,0.9850095953385812,0.98569031792381,0.9872387386176812,1.1175679,47.64806431926389,0.9852280505993348,0.984171214524634,0.983757296689112,1.2442107,47.18186415133162,0.983857762929754,0.9828913278921924,0.982655187373208
DSC00007,WEBP,2,Macro,4.91014179999911,96.440098,1747822.0,27945907.0,93.75,1.0205666,48.04239024854694,0.9864529073712724,0.9871164133194928,0.9885081511448603,0.99218285,48.16488628221961,0.9858948579232087,0.9853420682328916,0.9851667653322718,1.0676638,47.84645844639957,0.9849943330144424,0.9845463104679744,0.9845192347862296
DSC00007,WEBP,3,Macro,6.471686200002296,96.849344,3282092.0,27945907.0,88.26,0.7741764,49.24240427246502,0.9892738831130792,0.9897624625942172,0.9907933078363852,0.8897637,48.63805688464949,0.9873246567540584,0.986929853713863,0.9868022374924308,0.96013933,48.30746107978436,0.9865322969388084,0.9862129301460312,0.9861895039745018
DSC00050,AVIF,1,Low light,0.759857800003374,91.887544,734768.0,27609236.0,97.34,1.5664062,46.18175946221936,0.9766720168434144,0.9768638584076528,0.9773752142181468,1.2265435,47.24397389755015,0.9870386439773864,0.985897233515518,0.9849563184415248,2.216737,44.67366198344865,0.9699882402452236,0.968608530185305,0.9678097630061752
DSC00050,AVIF,2,Low light,0.707379099996615,93.41545,1690713.0,27609236.0,93.88,1.2065707,47.31527574907346,0.9813652796221009,0.9817093376218116,0.982249243108606,1.1537304,47.50976041287824,0.9868432351358236,0.9859679495365964,0.9853319181332506,1.8415558,45.47895459450386,0.9741559872057732,0.973481976274721,0.9731102256792498
DSC00050,AVIF,3,Low light,1.1591101999983948,95.234835,4678499.0,27609236.0,83.05,0.80042255,49.09761060626812,0.9872508838941793,0.9875535574041012,0.9879535483676806,1.0468994,47.93175404456399,0.9875496531461616,0.987029352613062,0.9866880554419144,1.4947809,46.38502828445144,0.9788506754782036,0.9785733644091787,0.978445433210946
DSC00050,HEIC,1,Low light,5.025186899998516,92.419568,829097.0,27609236.0,97.0,1.3853096,46.715335077678056,0.9795199763786946,0.979793199116212,0.9802710183779532,1.0997028,47.71805009950529,0.9872120324543764,0.986078008323236,0.9851832702249338,2.218872,44.66948093557328,0.969443058120454,0.9678352746025408,0.9669276381574712
DSC00050,HEIC,2,Low light,7.800252400000318,93.478412,1667414.0,27609236.0,93.96,1.0972126,47.72789586638686,0.9830577377113572,0.9833629264398897,0.983845486915126,1.0277227,48.012044036111554,0.9870017575988826,0.9860594884679116,0.9853866016019298,1.8506494,45.457562293193874,0.9733686108923478,0.972629344009142,0.9722197781094616
DSC00050,HEIC,3,Low light,10.862297100000433,95.025952,4635987.0,27609236.0,83.21,0.75154555,49.371250596633736,0.9879206201790548,0.988196201289923,0.9885905012542284,0.88325363,48.669949374565846,0.9877314460198104,0.9872721283379688,0.9869763908403696,1.3957478,46.68273411343858,0.979270065060841,0.9790271709301382,0.978901142173068
DSC00050,JPEG,1,Low light,0.0474262999996426,85.768879,758162.0,27609236.0,97.25,2.3904405,44.34602426592068,0.9691319165982496,0.9692241207209752,0.96961411000882,1.2447616,47.17994172764187,0.9871264126808804,0.98569004742853,0.9843676481200464,2.6506593,43.89726455579351,0.967069868242604,0.9642712839755688,0.962304903882468
DSC00050,JPEG,2,Low light,0.0886651000000711,92.23593,1721412.0,27609236.0,93.77,1.3985605,46.67399100537875,0.9791225684246808,0.9794865080924068,0.9800163074662624,1.0433375,47.94655563877616,0.9868226681311212,0.9857751952156316,0.9849070212996452,2.0189996,45.07944136746162,0.9706662757948196,0.9695583361017313,0.9689370247596594
DSC00050,JPEG,3,Low light,0.1112248000026738,94.707116,4410317.0,27609236.0,84.03,0.9449317,48.37679958678646,0.9850750844883576,0.985443067238884,0.9859147957855128,0.87306106,48.7203575023804,0.9870357331419062,0.9866033469443272,0.9863413366437692,1.5545559,46.21474034720899,0.9761470683007591,0.9759893746310516,0.975941853380155
DSC00050,WEBP,1,Low light,4.789387299999362,92.157803,735706.0,27609236.0,97.34,1.7510198,45.69789275721095,0.9749375550315276,0.975259067109782,0.9759225638411044,1.0001512,48.13014714992463,0.9865069929558586,0.9852726186604396,0.9844295752064144,2.2241673,44.65912904876898,0.9689789733717332,0.9670972591372098,0.9660131471387492
DSC00050,WEBP,2,Low light,7.178267300001608,93.340582,1908420.0,27609236.0,93.09,1.2940077,47.011435270888,0.9809094141027522,0.9813079114605162,0.9818918314057342,0.9187368,48.49889226159771,0.9867904008836972,0.985927873601211,0.985361348982093,1.6549457,45.94296622723717,0.9757978944963186,0.9749973475930634,0.974532558979504
DSC00050,WEBP,3,Low light,11.50491129999864,95.18755,3943096.0,27609236.0,85.72,0.77393097,49.24378154354432,0.988279521303272,0.9885270612802124,0.9888559743447842,0.8346844,48.91558058645151,0.9883998448699066,0.9879180032094016,0.9875736004892198,1.413504,46.627833147558505,0.97915792990634,0.9787712785598008,0.9785530682299372
DSC00053,AVIF,1,Foliage,0.7780596999982663,94.089845,729910.0,25390121.0,97.13,1.2334119,47.21972215879671,0.97942010328045,0.9799425557193888,0.980694603838144,1.0979813,47.72485390266682,0.9892091814220734,0.9880321150517728,0.9870071951502434,1.4442066,46.534510463281904,0.97980776831983,0.978794547633365,0.9781927510962674
DSC00053,AVIF,2,Foliage,0.8795193000005384,95.324231,1685727.0,25390121.0,93.36,0.96640646,48.27920525917601,0.9833909176927668,0.9839184449942492,0.9845898197155044,1.0260621,48.01906702596004,0.9891774334633884,0.988208034915566,0.98740342852355,1.2837429,47.04602291892093,0.9814921400410146,0.980824283094356,0.9804394030574924
DSC00053,AVIF,3,Foliage,1.65176430000065,95.995808,4580970.0,25390121.0,81.96,0.71864325,49.56567028861029,0.9875556777220904,0.9879886699256892,0.9884893231509144,0.9536341,48.336985978019975,0.9889539378806024,0.988440499355942,0.9881044506571268,1.0281239,48.010349145154905,0.9849385382902166,0.9846896533275242,0.9845724490792492
DSC00053,HEIC,1,Foliage,4.784986099999514,93.91554,686638.0,25390121.0,97.3,1.144862,47.543271891455525,0.981189540609802,0.9815922059688542,0.9821726096928112,0.9201522,48.49220687825672,0.989998151597018,0.9889135748667706,0.9879546917442666,1.5758694,46.15560142072171,0.9791401826652056,0.9777860343098276,0.9769613535201964
DSC00053,HEIC,2,Foliage,7.747222199999669,94.83613,1714467.0,25390121.0,93.25,0.88197577,48.67623709278205,0.984864682047917,0.985279638718047,0.985848318936034,0.8501068,48.83606878805007,0.9896425578193996,0.988811269685656,0.9881759597612304,1.2673123,47.10196724542261,0.9822340102133704,0.9816080334284,0.9812423156750434
DSC00053,HEIC,3,Foliage,10.639096299997618,95.877439,4735287.0,25390121.0,81.35,0.6506418,49.997383945159946,0.988568904147915,0.9889461836403892,0.9894252344222216,0.7619941,49.31128743463445,0.9896948695188552,0.9892615299405952,0.9889682273851316,0.98759305,48.18502344516549,0.9855283209564648,0.9852635760360396,0.9851153165515444
DSC00053,JPEG,1,Foliage,0.2014382999986992,90.092699,759856.0,25390121.0,97.01,1.7198606,45.77587114430806,0.9725177509475728,0.9729991349811162,0.9736774783870592,1.0439135,47.94415852489856,0.9896343309804996,0.9882229074796668,0.9867900075000628,1.8967639,45.35067090803814,0.978048028138874,0.9760672569837832,0.9746545962694444
DSC00053,JPEG,2,Foliage,0.0893630999999004,93.947995,1741640.0,25390121.0,93.14,1.0817573,47.78950509785754,0.981791567489226,0.9822414147392596,0.9828595133739542,0.9005651,48.585652517411695,0.98914312105653,0.988223231978034,0.987451345158634,1.421913,46.6020732240392,0.9799006369971328,0.9791241165847314,0.9786722758108352
DSC00053,JPEG,3,Foliage,0.1126482999970903,95.587162,4632308.0,25390121.0,81.76,0.77383125,49.24434080900279,0.986736784231015,0.9871462030760284,0.9876568132432092,0.7682786,49.27561624171777,0.988584538452546,0.9881570594403262,0.9878942034289344,1.081468,47.79066685837775,0.983267874221399,0.9831070179191276,0.9830483385182696
DSC00053,WEBP,1,Foliage,6.510430300000735,93.819631,754702.0,25390121.0,97.03,1.2925553,47.01631218380493,0.9800414849933832,0.9804942736313984,0.9811189625646828,0.77317274,49.24803822452407,0.9897579719213409,0.988698795146332,0.9879877060256056,1.527386,46.2913158492439,0.978737099030778,0.9773393597750338,0.9765210129061348
DSC00053,WEBP,2,Foliage,4.98506339999949,94.760547,1670060.0,25390121.0,93.42,1.0044926,48.11133596573127,0.9841192232031768,0.984510606123064,0.9850233891799358,0.7407162,49.434285072796186,0.9894767273298468,0.988681384200216,0.9881553611095646,1.2347368,47.21505982052997,0.9820576856018952,0.9813048044362342,0.9808502169609172
DSC00053,WEBP,3,Foliage,9.06391579999763,95.68169,3149926.0,25390121.0,87.59,0.7294397,49.500909756736114,0.9883154274128506,0.9885975373502196,0.9889523151419968,0.7004603,49.67696829943391,0.990819182040852,0.9903473235654608,0.9900043071021968,1.0945256,47.738544409706655,0.9842410809829,0.983822186916179,0.9835629492171084
DSC00054,AVIF,1,Low light,1.13811799999894,93.02182,742740.0,27325615.0,97.28,1.4421364,46.54074027314423,0.9787625540762258,0.9789535265553132,0.9796226034633808,1.1930486,47.364222130438165,0.9873632537383024,0.9861422879365715,0.9851491292155315,1.9470972,45.236927252331895,0.9739696228048592,0.9726623074742246,0.9719712802423428
DSC00054,AVIF,2,Low light,0.9379244000010658,94.494372,1799010.0,27325615.0,93.42,1.0910528,47.75234617750415,0.9833728756174632,0.983658650062004,0.9842670359593324,1.1192908,47.64137412769358,0.9874874677428718,0.9865836891129568,0.9859193689655495,1.6568496,45.93797258246312,0.9771203637121624,0.9764215156030592,0.9760867511516438
DSC00054,AVIF,3,Low light,1.4225121999988914,95.544785,4466396.0,27325615.0,83.65,0.7875134,49.16822407870412,0.987662422796876,0.9879581055210714,0.9884571672181348,1.034441,47.983746465610224,0.9878784385736522,0.9873559397509216,0.9870232479019012,1.3662378,46.775540597764845,0.9810611718038303,0.9807841050355428,0.9806948437922368
DSC00054,HEIC,1,Low light,4.857369400000607,93.098666,759932.0,27325615.0,97.22,1.3192712,46.92746289824974,0.9807579318901942,0.9810117410313004,0.981637277360353,1.0682306,47.84415341539105,0.9876473633320678,0.9863973771742144,0.9853977089780732,1.9807723,45.16245820036409,0.9730752887242564,0.9714421996338832,0.970572242040752
DSC00054,HEIC,2,Low light,2.7504272000005585,94.313249,1900583.0,27325615.0,93.04,0.9904088,48.17265893574895,0.9849107688567804,0.985213742818824,0.9858188645947772,0.9663415,48.27949721542923,0.9875420304489334,0.98665068776981,0.9860337354528852,1.5652425,46.1849871317916,0.9773804942797976,0.976779184956379,0.9764957612778647
DSC00054,HEIC,3,Low light,3.855161899999075,95.337898,4327977.0,27325615.0,84.16,0.74601793,49.40331079562477,0.9883686932926542,0.9886513376295196,0.9891582826599123,0.85728383,48.79955719318865,0.988060332749376,0.9875738300973804,0.9872689860989712,1.2652332,47.10909779456883,0.9812617061882324,0.981013727699371,0.9809239915113478
DSC00054,JPEG,1,Low light,0.0436494999994465,87.221369,760250.0,27325615.0,97.22,2.2363172,44.63546970976906,0.970410153401682,0.9704517656544002,0.9710466176694792,1.3273981,46.900791814710736,0.98716327097014,0.9855217827816104,0.9839898348186492,2.4146817,44.30220478311466,0.970886675495219,0.9681172123460516,0.9662278139075532
DSC00054,JPEG,2,Low light,0.0912325000026612,92.885035,1736855.0,27325615.0,93.64,1.3085195,46.96300166296219,0.9806465354265992,0.9810252666156858,0.98173190802893,1.0165387,48.05956433994227,0.9871157726908176,0.986097995660798,0.9852843824253472,1.7635446,45.666939345368185,0.9743808947922696,0.9734475711370224,0.9729920543668678
DSC00054,JPEG,3,Low light,0.066732300001604,95.000018,4315812.0,27325615.0,84.21,0.9103672,48.53863739792135,0.9859433830169732,0.986308857509694,0.986893869241107,0.85857767,48.79300751328743,0.9873761869204698,0.9869410562721572,0.9866915906689968,1.3913668,46.6963872594816,0.9787018720557144,0.978543795608818,0.9785407660296364
DSC00054,WEBP,1,Low light,4.922206599996571,92.828981,710890.0,27325615.0,97.4,1.6449678,45.96922951900958,0.9765214788403508,0.9767931699002989,0.9776169780110764,0.94788295,48.36325648950326,0.9876012846534478,0.986345992079953,0.985509697856638,1.9864753,45.149971864361135,0.972692481230664,0.9708287922196468,0.9698266954181624
DSC00054,WEBP,2,Low light,5.040522100000089,93.916605,1827406.0,27325615.0,93.31,1.219996,47.26721957280648,0.9819280510667436,0.9823124862165918,0.9830471385388628,0.85205466,48.82612887332687,0.9879803936947252,0.9871698156729768,0.986661276059945,1.4720743,46.45150635222841,0.9785795071363894,0.977822340281117,0.977437370020988
DSC00054,WEBP,3,Low light,9.7154472000002,95.422456,3732860.0,27325615.0,86.34,0.76907617,49.27111003526559,0.9882998506687934,0.9885638909732553,0.9890126084914616,0.7730751,49.248586857611215,0.9894096648765652,0.988926944058798,0.9885948319512372,1.2469119,47.17244586049924,0.9815564451268426,0.9811760929506688,0.9809890639217594
DSC00090,AVIF,1,Various,1.0677518000011332,94.772039,750760.0,22738870.0,96.7,1.8824649,45.38353471589004,0.9872455965416844,0.9880959738025984,0.98941346482557,2.6240454,43.94109003830802,0.9797209836805156,0.9797225325204678,0.980251077560347,2.453892,44.23224907710973,0.9781154791044284,0.9778270515691758,0.9779768191046336
DSC00090,AVIF,2,Various,1.546790600001259,96.419957,1735390.0,22738870.0,92.37,1.0342809,47.98441868311221,0.9920727002631196,0.9925027915982536,0.9931971188116622,1.8521967,45.45393236039003,0.9854866124576382,0.985686220142684,0.9860903041453656,1.7131113,45.79294784985435,0.984316918871428,0.9844966589782268,0.9847729837294712
DSC00090,AVIF,3,Various,3.1138928000000305,96.944562,4764866.0,22738870.0,79.05,0.6507935,49.99637144707566,0.9942472736211868,0.994493675937454,0.9949393456833482,1.6067837,46.07122934109743,0.9874985214392262,0.98780060783194,0.9882491481457611,1.4569852,46.49625214321869,0.9867947589416196,0.9871080768132066,0.9874092179344012
DSC00090,HEIC,1,Various,2.705018600001494,94.727198,751405.0,22738870.0,96.7,1.840236,45.48206872047967,0.9879393743939926,0.9890464776376148,0.9905595847983212,3.1305315,43.17462265343035,0.9745471533512312,0.9744705409946698,0.9750816929668288,3.324358,42.913725798783744,0.9713009762491278,0.9708309433538316,0.9709132994123412
DSC00090,HEIC,2,Various,2.285318800000823,96.423482,1830509.0,22738870.0,91.95,0.9871101,48.1871475655248,0.9926260947665962,0.9931517303213098,0.993903590897622,2.087388,44.93477166415586,0.9824821377592832,0.9828683124989948,0.983366359429646,2.2267914,44.65400832420113,0.980247792361987,0.9805937635087324,0.9808881043022636
DSC00090,HEIC,3,Various,8.155021300000953,96.917273,4300363.0,22738870.0,81.09,0.6683984,49.88044976453556,0.9941732126075182,0.9944845804145616,0.9950137734955272,1.7455308,45.71152827623693,0.9849790530349332,0.9854239818642636,0.9858783888886145,1.8455753,45.46948564524583,0.9835421128407992,0.9840031597941148,0.984270459257729
DSC00090,JPEG,1,Various,0.0790926999980001,82.033992,754640.0,22738870.0,96.68,8.1236515,39.03329069414666,0.9566980250365154,0.9578964098859188,0.9605020019729622,6.652514,39.90094550948234,0.9573923106856476,0.953818119805074,0.952241085728515,7.646826,39.29599162431665,0.9483471011027284,0.9436783113196798,0.9409214360139097
DSC00090,JPEG,2,Various,0.091443799999979,94.928436,1734708.0,22738870.0,92.37,1.734258,45.73966661618337,0.9876756774807556,0.9886951967838338,0.9899654306299048,2.6230927,43.94266740688092,0.9764648868141638,0.9769202253842216,0.9776669023383782,2.9072032,43.49604969335221,0.972928082732564,0.9734389806100632,0.9739600745997296
DSC00090,JPEG,3,Various,0.0752320999999938,96.637268,4683291.0,22738870.0,79.4,0.82256883,48.97908097806403,0.993118723745078,0.9935688297872708,0.9942092205943712,1.3585898,46.7999201211432,0.986384674181344,0.9866646745609076,0.987031720949493,1.4421805,46.54060745675635,0.9854016207487848,0.9858186649820476,0.9862069880348238
DSC00090,WEBP,1,Various,4.690472900001623,93.633666,754354.0,22738870.0,96.68,2.7517395,43.73473054590342,0.9818549594986858,0.9831401984912564,0.9852955099238204,3.2294998,43.0394510417653,0.9723291398263404,0.9709526551237004,0.9710378734483646,3.5340383,42.64809110110372,0.9683920117620656,0.9665622945671368,0.96602571519569
DSC00090,WEBP,2,Various,6.89145759999883,95.608946,1665062.0,22738870.0,92.68,1.322706,46.91617050534728,0.989943139853621,0.9907266136021774,0.9918822442294176,1.7678366,45.65638245737774,0.9841107558394044,0.9839109794792804,0.9841217542342824,1.8893185,45.3677518064745,0.9818338772814008,0.9815188799592218,0.9815475879049894
DSC00090,WEBP,3,Various,7.309662400002708,96.872141,3857362.0,22738870.0,83.04,0.64632154,50.0263174002968,0.9941180938393956,0.9944130112334434,0.99494738545159,1.4715061,46.45318281385221,0.9869588973528032,0.9870439618137248,0.987258955711799,1.5453169,46.2406278977974,0.9853498697297336,0.9853970155862144,0.985484511311874
DSC00374,AVIF,1,Smooth,1.6991087999995216,94.186107,745451.0,27698632.0,97.31,2.678123,43.85249835269751,0.9794691875411148,0.9812391540228088,0.9829719591520766,2.5785189,44.01710034941543,0.9746675021361212,0.9737319548574404,0.9736033573726824,5.1311274,41.02867554246426,0.9515342332046512,0.951200998827196,0.9519338717724763
DSC00374,AVIF,2,Smooth,1.0683992999984184,96.193325,1677652.0,27698632.0,93.94,1.6367844,45.99088887684484,0.9846934580743272,0.9855758035932364,0.9864806161781254,1.941523,45.24937840746404,0.9810011724582616,0.9807339000009396,0.9808267536642744,3.7265778,42.417701537496654,0.9640127524206696,0.9643918931430172,0.9650586962428118
DSC00374,AVIF,3,Smooth,2.5478363999973226,97.251575,4769087.0,27698632.0,82.78,0.8925253,48.624598282378415,0.9900485832771962,0.9904255861239616,0.9908418523425258,1.6815238,45.87377330720049,0.983669728974327,0.9835703573711024,0.983720324419898,3.2309632,43.03748364711515,0.9689266316029114,0.9694006901986896,0.970010672130292
DSC00374,HEIC,1,Smooth,5.175332500002696,94.284298,786001.0,27698632.0,97.16,2.4593506,44.22259910905136,0.9807041804405484,0.9825012878386312,0.9842898051573524,2.5450935,44.07376628717267,0.9727070987649236,0.9714558900364584,0.9710774069276004,5.119573,41.03846597938932,0.9504478293644564,0.9500355713184516,0.9506566252449368
DSC00374,HEIC,2,Smooth,5.754820599999221,95.764543,1561636.0,27698632.0,94.36,1.6439421,45.97193840371019,0.9857453720486756,0.9869294652022425,0.9880753666915564,2.02063,45.07593578360827,0.9773306966403636,0.9768259233568648,0.9768412575228296,4.098793,42.004243840055054,0.9591319590932744,0.9595851892273654,0.9604153386891372
DSC00374,HEIC,3,Smooth,11.289838699998654,96.681543,4734836.0,27698632.0,82.91,0.9293292,48.449107586143,0.9908307697461792,0.991448073758305,0.992087141871127,1.5519071,46.22214670779777,0.9813218922987208,0.9813181442136928,0.9815574550603972,3.260938,42.99737830468673,0.9668992118335004,0.9677536275842864,0.968568959957323
DSC00374,JPEG,1,Smooth,0.0415833000006387,81.867449,759804.0,27698632.0,97.26,9.490147,38.35807450719842,0.9487358812152036,0.953627485229928,0.9586229217669276,5.649074,40.61103105820344,0.9593984599753396,0.9549161573704446,0.9519293537884652,10.692107,37.84017057250566,0.9223924351735292,0.917911853435062,0.9160114908833538
DSC00374,JPEG,2,Smooth,0.051756299999397,94.896629,1725479.0,27698632.0,93.77,2.449182,44.24059285839696,0.9805596095546706,0.9822576279598904,0.983837961135658,2.1767647,44.752688722620135,0.9767928311619828,0.976402643582634,0.9763878388655314,4.350739,41.745173161878846,0.9575010874225196,0.9580380134106056,0.9589757757903752
DSC00374,JPEG,3,Smooth,0.0667151000016019,96.514176,4299971.0,27698632.0,84.48,1.2728614,47.08299242396433,0.9873702612496954,0.9881759707863166,0.9889539989851116,1.3349133,46.876273240173376,0.9834820264112136,0.9835266807408316,0.9837299018701362,2.474476,44.1959708558698,0.9729066344209149,0.9737084895182176,0.9745361103015514
DSC00374,WEBP,1,Smooth,2.736861699999281,93.445367,770480.0,27698632.0,97.22,3.7807083,42.35507191286373,0.971959648904188,0.9749893272707866,0.9782240652656058,2.681877,43.84641535183727,0.9705588946758952,0.9682189167658688,0.967435261487304,5.579597,40.66477524814629,0.9441946160412752,0.942182815487306,0.9423253584649676
DSC00374,WEBP,2,Smooth,6.104301499999565,95.492357,1748296.0,27698632.0,93.69,1.9176661,45.303073777139005,0.9831060661606278,0.9845433159511692,0.9859706795924864,1.6519831,45.95074743457016,0.9801668103943292,0.9794300697030462,0.9793827387327464,3.4983404,42.69218289085717,0.963089322818726,0.9629251639431616,0.9634611550129464
DSC00374,WEBP,3,Smooth,11.737288500000432,96.8032,4775290.0,27698632.0,82.76,0.90064204,48.58528127742959,0.9898727993169868,0.9903862013296998,0.9909177002747436,1.2264621,47.24426220597388,0.9846480852643622,0.9844991249191474,0.9845951421739318,2.7963984,43.66481326217648,0.9700010106701886,0.970345813358225,0.970877197743222
DSC00562,AVIF,1,Foliage,1.233040999999503,82.161781,780617.0,34085751.0,97.71,21.794056,34.747422829420714,0.942330974589744,0.9537023589517668,0.9646004578500552,18.167398,35.537876197484266,0.886665328660631,0.8879970066955422,0.8964685806227962,19.896215,35.1430988442808,0.8742825671608323,0.8688260093383608,0.8668003665295014
DSC00562,AVIF,2,Foliage,1.691608900000574,92.056114,1704351.0,34085751.0,95.0,8.7379265,38.71671970091687,0.9741760433469938,0.9795300893332728,0.9842472926524176,11.531135,37.51208337069382,0.92050415136922,0.9253941615973073,0.9330207721230664,13.255362,36.90688770045448,0.9082095945451388,0.9084090018869512,0.9096538777459212
DSC00562,AVIF,3,Foliage,2.710890000002109,96.522552,4462861.0,34085751.0,86.91,2.312261,44.49043489265297,0.9904447880618188,0.9921337137158776,0.9936120907404388,6.520612,39.98792009242828,0.9544535613984972,0.9584717486668458,0.9629596269151384,7.9104133,39.1488120783492,0.94693532922856,0.9483997386867816,0.9493370349370044
DSC00562,HEIC,1,Foliage,4.70328470000095,84.081584,746707.0,34085751.0,97.81,20.416817,35.03092325229693,0.9415536686228222,0.9528794985887298,0.9639078030846756,21.002645,34.908063630140795,0.8698926357320759,0.8677979777771084,0.8749831969462002,21.191998,34.869084701707884,0.8674932156381471,0.8580012558434298,0.8519015327493026
DSC00562,HEIC,2,Foliage,5.470311699999002,92.944003,1745261.0,34085751.0,94.88,7.477185,39.39342257935105,0.9761779532770096,0.9810236492660438,0.985390479820508,12.971811,37.0007972606672,0.912924471482159,0.918088100383292,0.9259716963406828,14.117561,36.633206648127135,0.9035094447957984,0.9026289390465508,0.903083656595887
DSC00562,HEIC,3,Foliage,11.174245500002144,96.344399,4438250.0,34085751.0,86.98,2.1538613,44.798626353834194,0.9908545763566372,0.9925223894204204,0.9940324054789664,7.7668676,39.22834437494551,0.9487897416285368,0.9535306676394436,0.9584254568854238,8.825887,38.67322015404993,0.942673279024348,0.9444680257082654,0.9455159816886196
DSC00562,JPEG,1,Foliage,0.0452560999983688,52.486596,737162.0,34085751.0,97.84,76.688805,29.28348399219161,0.8298849734412186,0.8467401076342608,0.8703421787657332,43.58154,31.73777812761552,0.815000152118023,0.7950730300840242,0.7881493505525741,40.69304,32.03560253260311,0.8338529096045637,0.8122177011884263,0.7929101014237109
DSC00562,JPEG,2,Foliage,0.0883027999989281,87.941609,1734210.0,34085751.0,94.91,16.430113,35.97439811409954,0.9508615576753848,0.960103751677972,0.9684829527396328,16.882133,35.856530261559286,0.8925188616388567,0.8971507579814353,0.9061538423106816,18.30147,35.505944017522985,0.8841843038531473,0.882454848340028,0.8824772698591086
DSC00562,JPEG,3,Foliage,0.0651687999998102,95.593945,4605956.0,34085751.0,86.49,4.449925,41.647276877930594,0.9851869534319158,0.9881545072271954,0.9906555277670912,7.6940594,39.26924813078356,0.9450870061151024,0.9508227725629124,0.956661936181208,8.710161,38.73054156131528,0.9368646326073002,0.9396655921554304,0.9417423167460944
DSC00562,WEBP,1,Foliage,3.216727900002297,83.040599,749930.0,34085751.0,97.8,29.929956,33.36974279972529,0.9124142601736128,0.9277733915817716,0.9444823845019656,24.604326,34.22068879807049,0.8529807092844242,0.8432261686205236,0.8479768906680859,22.800343,34.55138999949255,0.8578567935831262,0.845075356736547,0.8381962033811919
DSC00562,WEBP,2,Foliage,5.619239100000414,91.233357,1733620.0,34085751.0,94.91,11.934238,37.36285634397758,0.960846834050984,0.968445193103282,0.9756754800594108,13.305532,36.89048110157083,0.908063006844384,0.9102149613052964,0.9181434401308188,14.038379,36.65763423210812,0.8998031202245205,0.8967266768357015,0.8969817618469279
DSC00562,WEBP,3,Foliage,7.195969700002024,95.64896,4424982.0,34085751.0,87.02,3.079199,43.24642583189129,0.987226962638704,0.9896461946014868,0.991792866470282,6.840697,39.77980007977405,0.9514569552941212,0.9550562379775104,0.9596902855611408,8.123503,39.03337017134886,0.9430796137612923,0.9438079014920714,0.9446169187828668
DSC00592,AVIF,1,Low light,1.1033385999980965,79.432449,760307.0,48766358.0,98.44,31.661736,33.12545666240368,0.7581775846963246,0.7719515664723126,0.7891835094542585,39.285515,32.188479025154166,0.6899508982954149,0.6906070045072084,0.7002100609511573,37.128708,32.43370518988607,0.7028611588786169,0.7024863930745423,0.7102947738057643
DSC00592,AVIF,2,Low light,1.112589399999706,84.997659,1731649.0,48766358.0,96.45,21.925627,34.721283540835984,0.8378782109311294,0.8474338475862899,0.85843961392643,33.79794,32.84190133017246,0.7276177884094018,0.7329428205779287,0.7433783894090613,31.283476,33.1776538325293,0.7455066026347704,0.7500275881542773,0.7589798751778408
DSC00592,AVIF,3,Low light,1.9724335999999312,91.783148,4628520.0,48766358.0,90.51,9.018048,38.57967792764056,0.9294868865327218,0.9334005947851796,0.937408762654336,23.775755,34.36946049200241,0.8054256366717746,0.8119521527103843,0.8199941217240105,21.67115,34.77198401582511,0.8212386277353994,0.8270504715950366,0.8339195901355806
DSC00592,HEIC,1,Low light,3.403884200000902,81.701361,756190.0,48766358.0,98.45,29.49096,33.43391474964092,0.7671283763078242,0.7794519620647903,0.7953054747245465,40.79511,32.024722527820096,0.6837986684111289,0.6802426860446131,0.6857442900502962,39.02377,32.217511390212515,0.691180696311279,0.6857268813236214,0.6892220906392569
DSC00592,HEIC,2,Low light,4.83092790000228,86.515654,1890216.0,48766358.0,96.12,18.616861,35.43173906574867,0.8565579527020856,0.8647931763018337,0.8742020581240297,35.168995,32.66920395793364,0.7230651810557763,0.7259193498236967,0.7341030647638497,33.246243,32.91337788719774,0.7327436753215631,0.7346613855766171,0.7415242187867921
DSC00592,HEIC,3,Low light,7.113470699998288,91.048083,4681877.0,48766358.0,90.4,8.078176,39.05767086962123,0.938788778846134,0.9428107332313634,0.9469171587867464,25.588852,34.050295755004335,0.8021121595062142,0.8085816913417206,0.8163302048936367,23.618168,34.39834171626734,0.8147835586195952,0.8205836260754665,0.8272719862150035
DSC00592,JPEG,1,Low light,0.0787710000004153,66.675286,767454.0,48766358.0,98.43,40.59292,32.0463007971714,0.6973808327758938,0.7126545510213511,0.734922426408714,47.290173,31.383094454091747,0.6563509942751322,0.6479968115144298,0.6533966553136643,45.713398,31.53036845627661,0.6645716514849963,0.6543991542729758,0.6571946989070397
DSC00592,JPEG,2,Low light,0.0541640999981609,82.695529,1744814.0,48766358.0,96.42,27.538252,33.73143991592921,0.7995143008724689,0.8113313456746779,0.8249307961703909,38.0472,32.32757665878096,0.7073388826267232,0.7114523232298677,0.7218122148157982,35.922604,32.57712549660241,0.7188926201396174,0.7219309331298779,0.7306854612634613
DSC00592,JPEG,3,Low light,0.1298540999996476,90.851864,4622770.0,48766358.0,90.52,15.104958,36.33960840989496,0.8932774825499482,0.8994698349211517,0.9062456492112896,28.305422,33.61210706391445,0.7778896660327157,0.7873280298708497,0.7972958654915148,26.121916,33.96075330903284,0.7916852962382687,0.800212021256406,0.8088584703114847
DSC00592,WEBP,1,Low light,3.737247100001696,82.914288,757274.0,48766358.0,98.45,33.912994,32.82714221616128,0.7322167007635496,0.748101575927906,0.7698467439753793,42.53647,31.843189224660723,0.6688897158919235,0.6611391023557358,0.6678698504019813,40.747314,32.02981364264191,0.6768532745757058,0.6674231476418082,0.6720317811484052
DSC00592,WEBP,2,Low light,4.526089299997693,84.315597,1744416.0,48766358.0,96.42,24.050037,34.31964610883068,0.8223794201367189,0.8343399941775672,0.8476251519087145,34.589787,32.741324692578345,0.7250510442498511,0.726309619450334,0.7355870747114279,32.97504,32.948950278905535,0.7326844395116378,0.7326488136913832,0.7404879571312993
DSC00592,WEBP,3,Low light,11.857417700000951,90.073721,4549970.0,48766358.0,90.67,10.340108,37.985552932285344,0.9260152935817926,0.9311479494607466,0.9362638798952432,23.321274,34.45328098287567,0.8151219905036365,0.8208746952620544,0.8286562866685704,21.526072,34.80115591460532,0.8276821622247211,0.8326870097334519,0.839323013606061
DSC00606,AVIF,1,Low light,1.1918096999979753,90.66015,787743.0,42521866.0,98.15,10.2075205,38.04160104987189,0.8879386222453537,0.8949294877838688,0.901550009630752,13.318846,36.886137594837976,0.8499794157512008,0.8474931503613309,0.8481077362757076,12.899113,37.0252052548408,0.855262024886034,0.852624809246437,0.8530319763362592
DSC00606,AVIF,2,Low light,0.7828473000008671,93.640804,1760929.0,42521866.0,95.86,7.0145726,39.670791393755714,0.9213052133785016,0.9258671286027218,0.9298231011943991,10.890284,37.76041175713275,0.8737132117639999,0.8738774389451267,0.8753629963216935,10.255044,38.02142837648982,0.881479319947003,0.8816071677474209,0.8829535990047124
DSC00606,AVIF,3,Low light,1.057499700000335,95.462989,4641725.0,42521866.0,89.08,3.316893,42.923488908437136,0.9613736606246645,0.9633644910293274,0.9649958221315996,7.9017177,39.15358864630275,0.9071609019140592,0.9084059643443908,0.909971296256634,7.291136,39.502851589565,0.9147177643376392,0.915785229036056,0.917137843562834
DSC00606,HEIC,1,Low light,5.263478900000337,91.268305,634856.0,42521866.0,98.51,10.044188,38.111655543510935,0.8813140676689677,0.8875933648196346,0.8941096059530951,14.499762,36.51719513590196,0.8416575017532945,0.8367253446127659,0.8357081132066689,14.0885725,36.642133797376985,0.8446324165989032,0.8390494436197526,0.8374878414587275
DSC00606,HEIC,2,Low light,5.692231699998956,93.342997,1690844.0,42521866.0,96.02,6.553166,39.96629185898448,0.9260979024070156,0.9310085293239786,0.9356250351625204,12.162371,37.280621144648045,0.8637783505816246,0.8627570654888717,0.8636846477454264,11.6356735,37.47288842447761,0.8680486245035303,0.8667482769357034,0.8673812925664477
DSC00606,HEIC,3,Low light,3.857676700001321,94.997852,4328069.0,42521866.0,89.82,3.1692815,43.1211956372957,0.9649863353381674,0.9674377984037064,0.9694990239288036,9.058435,38.56027176176794,0.8979250565432373,0.8990745567474857,0.9006626348724196,8.407966,38.883894435326,0.904149743229804,0.9050824549953213,0.9064184188636571
DSC00606,JPEG,1,Low light,0.0436305999974138,88.936979,756325.0,42521866.0,98.22,13.94508,36.68659367011263,0.8333079724656435,0.8420021322005549,0.8497268889039129,15.493687,36.22925579600533,0.8350606876704736,0.8286952707279296,0.8273151944546474,15.2352495,36.302307704540205,0.8372637488178095,0.8298325155315357,0.8273263438363319
DSC00606,JPEG,2,Low light,0.0912045000004582,93.21468,1717636.0,42521866.0,95.96,9.185004,38.50000998538718,0.897656766199315,0.9035554116352562,0.9090598342640488,12.857006,37.03940503650437,0.8568584600445507,0.8558720449833404,0.856682619580987,12.128417,37.29276224456789,0.8624591809706247,0.861637234062493,0.8626987929813089
DSC00606,JPEG,3,Low light,0.1154714999975112,95.185768,4523342.0,42521866.0,89.36,5.1674557,40.99803610510114,0.9447066362106168,0.947360710407798,0.9497631612133204,9.543585,38.33368828585921,0.8896365973001741,0.8918032855219276,0.8939681492556092,8.922357,38.62600769620345,0.8961454295390678,0.8981643417495077,0.9000984156997061
DSC00606,WEBP,1,Low light,4.052544199999829,92.116231,778398.0,42521866.0,98.17,10.707733,37.833828186116,0.8784781212032474,0.8852635661519649,0.8920618821419253,13.734429,36.75269731454171,0.8465635231372824,0.8416388918886439,0.8410441726900701,13.253359,36.907543852598856,0.8500125637050348,0.8445538167573153,0.8435658900359351
DSC00606,WEBP,2,Low light,6.140301100000215,93.150815,1726580.0,42521866.0,95.94,7.7059207,39.262558058185725,0.913871254284538,0.9189625013856204,0.9235142888962294,11.161276,37.65366512833444,0.8722509000730878,0.8707147723123636,0.8714717368938228,10.706607,37.83428491286528,0.876304596674276,0.8744430489162641,0.8749198163847146
DSC00606,WEBP,3,Low light,12.163488499998492,95.126294,4547214.0,42521866.0,89.31,3.4965096,42.69445627734367,0.959554139391694,0.9618246080154368,0.9636591172379604,7.7588,39.23285820863319,0.9097966100226008,0.9103947915830604,0.9116173028893064,7.1708975,39.57506834370352,0.9161421568095852,0.9165742681524002,0.9175784380366616
DSC00609,AVIF,1,Buildings,0.7661439000003156,96.029459,772279.0,29156402.0,97.35,1.8975852,45.34879104501524,0.9846989896505536,0.98628261932335,0.9882747444425964,2.3439586,44.43130429162345,0.9766466776652204,0.975655658319098,0.9749777598873322,3.9224255,42.19525637158341,0.9658680472129696,0.9651743631419116,0.9649463888870532
DSC00609,AVIF,2,Buildings,1.1648953999974765,96.938511,1777101.0,29156402.0,93.9,1.2463527,47.17439404089892,0.9877624014510258,0.9889605696059688,0.99050817566055,1.7957932,45.58824027129245,0.9811797502972478,0.9807057827390558,0.9803877340333924,3.0908115,43.23007837557985,0.972311967301688,0.9721634787250104,0.9721830353282048
DSC00609,AVIF,3,Buildings,1.8633362000000488,97.239936,4874019.0,29156402.0,83.28,0.7860342,49.176389085813625,0.9910282331129342,0.9918913840978264,0.9930185717297072,1.5535569,46.21753182819698,0.9835551976814412,0.9833426800192294,0.9831757404387376,2.7148387,43.79336329239068,0.9759623861549742,0.9760505422791772,0.9761574496899974
DSC00609,HEIC,1,Buildings,4.080678900001658,96.071075,778824.0,29156402.0,97.33,1.7715931,45.64716400517759,0.9856463946776456,0.9873281086823436,0.989362349022007,2.64449,43.90738417703254,0.9737203470518644,0.9725796173232862,0.9717811982038674,4.4379067,41.65902178119053,0.9618924814889688,0.9614123099550376,0.9613812080122416
DSC00609,HEIC,2,Buildings,2.4292019000022265,96.822753,1865880.0,29156402.0,93.6,1.1812459,47.40740034759447,0.9889041564156312,0.9901930850852348,0.991770445824741,2.0509288,45.01129764058504,0.9784839032819188,0.9780684538269606,0.977748796250009,3.58078,42.59102718820088,0.968566821286327,0.9687822416544484,0.9690313216315254
DSC00609,HEIC,3,Buildings,5.974517199996626,97.13253,4629476.0,29156402.0,84.12,0.8114439,49.03821860202973,0.991611009122506,0.9925812348741708,0.993787798116206,1.7262884,45.75966977093791,0.981446284346283,0.9814106350346902,0.9813077850982106,3.1143434,43.19713878751527,0.97292382186868,0.97340833143593,0.9737254198010225
DSC00609,JPEG,1,Buildings,0.0768704000001889,77.861701,752834.0,29156402.0,97.42,14.371492,36.55578513302928,0.9260768955754048,0.9317331886436137,0.9396727341931752,10.905469,37.75436002946752,0.9408470355331356,0.9292025991690348,0.9175952339913552,14.930355,36.39010216695634,0.9155653557637684,0.903420775520551,0.8936135277793356
DSC00609,JPEG,2,Buildings,0.0902712000024621,95.445612,1715922.0,29156402.0,94.11,2.3970506,44.33403143218427,0.9820449030984724,0.98418854714583,0.9865197206910008,3.1162424,43.19449121866168,0.9672120279410196,0.9663715021287628,0.9658827611555,5.1654615,40.99971221587178,0.9532219450463448,0.952959936670842,0.9529743736051116
DSC00609,JPEG,3,Buildings,0.0689888000015344,96.907143,4487953.0,29156402.0,84.61,1.078668,47.8019257748492,0.9890106013055908,0.990203245033702,0.991626169015656,1.6967992,45.83449937283617,0.9802052435148576,0.9802248763051434,0.9802647121128442,2.693893,43.82700017880117,0.97240546329527,0.9728638644557412,0.9732260652511372
DSC00609,WEBP,1,Buildings,7.791234399999666,94.715048,755106.0,29156402.0,97.41,3.766652,42.37124869215892,0.9757992037692378,0.978183331448311,0.9813325635733876,3.5605896,42.61558463967181,0.9652330680597352,0.9613309659475784,0.958974748557488,5.7028594,40.56987694809602,0.9512576332332456,0.9476518315182424,0.9461107305471784
DSC00609,WEBP,2,Buildings,6.779036800002359,96.161977,1732300.0,29156402.0,94.06,1.6667795,45.91202216206639,0.9855863689452726,0.9870984008154616,0.988965452408589,1.9711024,45.18371207917119,0.9783555759223354,0.9773414622125962,0.9768519653676416,3.319653,42.919876703364,0.9688483707510814,0.9680744985732328,0.967913532012572
DSC00609,WEBP,3,Buildings,9.052921000002245,96.950238,4723876.0,29156402.0,83.8,0.8013893,49.0923684325507,0.9911766963700944,0.9920649011719728,0.9931807281308888,1.429719,46.57829669337417,0.9838064331339994,0.9835145810895048,0.983294046065226,2.5844185,44.00717514270748,0.9760762543059648,0.975988556820104,0.9759833149319256
DSC00623,AVIF,1,Various,0.9992429000012636,92.254929,762905.0,31049541.0,97.54,3.2964547,42.95033266658274,0.9777627792636714,0.9808643797265986,0.9848238401978991,4.093263,42.01010687065739,0.9610926565293006,0.9604504229407894,0.9613389242783767,5.0437016,41.103309884248034,0.9508229981670352,0.9488727900783692,0.9481555053867112
DSC00623,AVIF,2,Various,1.0297848999980488,95.993354,1737820.0,31049541.0,94.4,1.7081823,45.80546156445013,0.9856601119714348,0.9874053925291576,0.9897124105506164,2.572425,44.02737642507957,0.9744038148522904,0.9748251826467638,0.975671713173192,3.3221931,42.91655489278292,0.9663164759056462,0.9661057084195456,0.9661324728277194
DSC00623,AVIF,3,Various,1.500100500001281,97.331167,4248723.0,31049541.0,86.32,0.953505,48.33757409512965,0.990407412157026,0.9914158141776572,0.9928159303004344,2.0760162,44.95849620631048,0.9788457444584124,0.9792967329928938,0.9799965184303828,2.7176886,43.78880663051892,0.9725425140013412,0.972588873610106,0.972668127017604
DSC00623,HEIC,1,Various,2.7771553000020504,92.957212,730477.0,31049541.0,97.65,3.179858,43.10672655654453,0.9782407705718872,0.9813306789093356,0.9853114071375196,5.084959,41.06792910107329,0.9521940873755718,0.9511794213673446,0.9518839930730308,5.6787486,40.58827710511029,0.9462415893194688,0.9433084059775256,0.9418186599627174
DSC00623,HEIC,2,Various,4.360803699997632,95.773545,1788014.0,31049541.0,94.24,1.6061846,46.07284882842023,0.986902749264432,0.9886579151267604,0.9909123819032384,3.1273265,43.17907118105893,0.968650423255005,0.9694477600897744,0.9705082539542224,3.659145,42.49700745359319,0.9632668399416582,0.9631259697189148,0.9631520774769824
DSC00623,HEIC,3,Various,5.976882499999192,96.661986,4861689.0,31049541.0,84.34,0.9466892,48.3687296767272,0.9911518640611332,0.992252672345748,0.9937142373594176,2.4577906,44.225354675715394,0.9744072016223702,0.9754655116080584,0.9764864914346226,2.8401787,43.59734682972044,0.9716426720150784,0.9720854504657392,0.9723160268816124
DSC00623,JPEG,1,Various,0.0796622999987448,72.02727,751810.0,31049541.0,97.58,15.431109,36.24683208624055,0.9218702210398616,0.9281940161640262,0.938803254115082,15.066713,36.35061831517622,0.9108285599602084,0.8967603711270445,0.887114038534979,14.703671,36.456545592926965,0.912712879422358,0.8995831083787863,0.8883125872604299
DSC00623,JPEG,2,Various,0.0493580000002111,93.434818,1714178.0,31049541.0,94.48,3.021677,43.32832334059419,0.978376833756936,0.9813421098612426,0.9848905198965991,4.565779,41.53565442462836,0.9560629885926588,0.9564309160473776,0.957679021015998,5.356564,40.84194056586789,0.9474178823531072,0.9467413081122996,0.9466742636384298
DSC00623,JPEG,3,Various,0.0673170000009122,96.365634,4358578.0,31049541.0,85.96,1.2822849,47.05095851973936,0.9885077715584258,0.9899381565839056,0.9917254666248202,2.179679,44.746878295717785,0.9759018585679832,0.9769084079841496,0.9780286421896076,2.792548,43.67079739365057,0.9694644496609092,0.9700102189602058,0.970505316068128
DSC00623,WEBP,1,Various,5.035967300002085,92.35108,753044.0,31049541.0,97.57,4.742752,41.370499522570185,0.967646930083409,0.9717915256447424,0.9775855605916488,5.590382,40.656388608016485,0.9477644456446292,0.9437997672247882,0.9436985620986572,5.948424,40.38678439996254,0.9431286558114188,0.9386856732825462,0.9366362083302257
DSC00623,WEBP,2,Various,9.276423199997224,95.124852,1800566.0,31049541.0,94.2,2.131415,44.84412375339454,0.9830292103813189,0.9852835560923,0.9881507038371342,2.8617976,43.56441441148894,0.9699416211120356,0.9697751433591976,0.9707144968166628,3.6221073,42.54119076526944,0.9620962930840418,0.961118286641662,0.9609875980126292
DSC00623,WEBP,3,Various,8.297957800001313,96.456411,4409346.0,31049541.0,85.8,1.024049,48.0275959232451,0.9898200825152272,0.9909689144349202,0.9925136504387688,1.7749815,45.63886517570669,0.9804685975530716,0.9809537131392226,0.981739605191246,2.3994694,44.32965159247885,0.9745929240253268,0.9746464009502814,0.9747732973710173
DSC00632,AVIF,1,Foliage,1.1866558999972767,77.556664,750137.0,40564003.0,98.15,28.19052,33.62977270554146,0.911564036567067,0.925415331996294,0.9413736045083192,25.896719,33.9983560719156,0.8537906930829203,0.8479562115765331,0.8505597877692538,35.005226,32.68947459149512,0.8427408839574878,0.8369782716342703,0.8342415645538593
DSC00632,AVIF,2,Foliage,1.4508505999983754,90.57973,1770462.0,40564003.0,95.64,11.189353,37.642753976989226,0.9607991399017284,0.9679343033790012,0.9750680553749844,14.686419,36.46164460983276,0.9063145722168484,0.9090626873491132,0.9141999693177696,20.229774,35.07089317701573,0.8958380884511353,0.8969224087028195,0.8983138656017
DSC00632,AVIF,3,Foliage,1.712134600002173,96.237718,4627474.0,40564003.0,88.59,3.2898479,42.95904543459962,0.984030804831662,0.9868121895456982,0.9896109776085592,7.752482,39.23639612248855,0.9490173576469758,0.952108819662956,0.9551880930382916,11.821074,37.40423449457467,0.939268179829399,0.9414180915688424,0.9424920922260496
DSC00632,HEIC,1,Foliage,4.213621700000658,82.086509,791087.0,40564003.0,98.05,24.302519,34.27429089050501,0.9157621285687542,0.9287722274589196,0.9437093847014923,25.052837,34.142234434207204,0.852268688367115,0.8433569808852779,0.8419128205766115,31.083424,33.20551492784082,0.8543129456646661,0.8481060299270943,0.8427957612836452
DSC00632,HEIC,2,Foliage,3.543297399999574,91.377548,1650549.0,40564003.0,95.93,10.540996,37.9019871693754,0.9598242530314252,0.966904197796932,0.9741680764869208,16.317045,36.00438835373064,0.8950072663187111,0.8964126496899131,0.900914917337535,21.69135,34.76793749282004,0.8903938714756012,0.8898159510140825,0.88953550331888
DSC00632,HEIC,3,Foliage,9.234250299999983,96.202576,4689225.0,40564003.0,88.44,2.7753506,43.69762513733196,0.9860866404566924,0.988578969140712,0.9910901446070948,9.042228,38.5680491782292,0.9426809432690252,0.9465735802954552,0.9500131877148916,13.711921,36.75982075212436,0.9339269910459564,0.9367797728548668,0.9380406981408788
DSC00632,JPEG,1,Foliage,0.0434132000009412,50.682196,759900.0,40564003.0,98.13,78.39921,29.18768677918341,0.7668842935190869,0.7812445929112354,0.8103738183211567,58.277798,30.475772060677443,0.7778410239938518,0.7464520249059543,0.7216337690945498,59.838665,30.3609847567884,0.8002682840926997,0.7808024961849498,0.7640379835348582
DSC00632,JPEG,2,Foliage,0.0878307000020868,85.157221,1724524.0,40564003.0,95.75,19.984648,35.1238385525032,0.9246177454748294,0.9360900092240926,0.9483230751454246,21.35718,34.8353645582159,0.8715439761904983,0.8717793632139976,0.8765005172515826,29.17089,33.48130664907523,0.8618188195631895,0.8604830988740825,0.8593438923495532
DSC00632,JPEG,3,Foliage,0.0675052000005962,95.058582,4571384.0,40564003.0,88.73,5.908533,40.41600683372888,0.9764411907082932,0.980732590580504,0.9847634267592226,9.711974,38.25772847643584,0.9334262706571976,0.9383667409380742,0.942973811744732,13.498425,36.82797292519293,0.9247927142353912,0.928567018514592,0.9309032466984256
DSC00632,WEBP,1,Foliage,4.059874900001887,81.385855,754314.0,40564003.0,98.14,35.78333,32.59399624048909,0.8766633009477321,0.8912859666458496,0.9123003771789128,31.039745,33.21162213643656,0.8260236432595472,0.808467109141897,0.8037308578209882,38.9004,32.231262985591,0.8258023389171806,0.8128156240262105,0.8055654684614049
DSC00632,WEBP,2,Foliage,3.889801999997872,90.588865,1726222.0,40564003.0,95.74,15.469191,36.23612766979242,0.9377387820274478,0.9472316942121858,0.9581957052455736,17.221308,35.77014238896548,0.8862393355230911,0.8830942045569332,0.8866606028186595,21.291094,34.848823989641595,0.8862444567819053,0.8837498984422306,0.8838078044066366
DSC00632,WEBP,3,Foliage,13.575061700001244,95.469558,4681252.0,40564003.0,88.46,4.168585,41.93091728143442,0.978204654607088,0.9819288494958598,0.9857403754580394,8.085061,39.05397054877186,0.943727859509232,0.9459470794718248,0.9491100846545918,12.022427,37.33088243496282,0.9339729203412648,0.9350434671844768,0.9359534508705212
DSC00633,AVIF,1,Foliage,1.140644600000087,88.064492,779605.0,35417365.0,97.8,7.499525,39.38046588304631,0.9597598454143044,0.9663460962461762,0.9747359675845894,6.510943,39.9943645127772,0.9404651164862802,0.9373077817255788,0.9395893746887128,10.205876,38.042300717824126,0.918885227434968,0.9145581515376648,0.9135777944120916
DSC00633,AVIF,2,Foliage,1.2021108000008098,94.575097,1716244.0,35417365.0,95.15,3.3566644,42.871724461924174,0.9780423724301428,0.981849550926132,0.9863902659084708,3.7062566,42.44144863563642,0.9607889023329638,0.9613750320978994,0.9640256209603004,5.968062,40.37247048255472,0.9462364062536016,0.9461697529084108,0.9471750183415472
DSC00633,AVIF,3,Foliage,1.7517996999995376,96.785652,4490809.0,35417365.0,87.32,1.3945193,46.68655810669226,0.988358949494328,0.9903253922703512,0.992722037072775,2.3314016,44.45463264543843,0.973874553009002,0.9749712582969224,0.9769472614055462,4.0058985,42.10380421151135,0.9636973081129888,0.9644722951074122,0.9654387754527368
DSC00633,HEIC,1,Foliage,6.172085900001548,90.155811,763163.0,35417365.0,97.85,6.808291,39.80042273020221,0.9621911040039164,0.9685991817299988,0.9765563883275103,7.86274,39.1750643265709,0.9300876184990414,0.9246351611275094,0.9256435612122722,10.986592,37.72217348826855,0.912847124371779,0.9060427942457866,0.9027574588639508
DSC00633,HEIC,2,Foliage,5.666066900001169,94.967035,1715136.0,35417365.0,95.16,3.0753632,43.251839407610206,0.9801632194193064,0.9837497819754204,0.9879422525826844,4.509117,41.58988847870136,0.9533733390821086,0.9541099657973828,0.9571739389332083,6.631577,39.91463558821692,0.941073743968086,0.9408431076952544,0.94175316363864
DSC00633,HEIC,3,Foliage,8.630209599999944,96.631787,4796829.0,35417365.0,86.46,1.2843214,47.04406620609248,0.9896478501291824,0.9914834040187726,0.9936918355964072,2.7428322,43.74881107932164,0.9700997386565652,0.9718240797164656,0.9741956417220374,4.297635,41.79850813191615,0.962344353841058,0.9635655330999624,0.964615571244082
DSC00633,JPEG,1,Foliage,0.0789475999990827,62.881722,742079.0,35417365.0,97.9,30.036081,33.35437086198153,0.8590631417741137,0.8688283438904959,0.8912512882305743,20.691216,34.9729434921514,0.8842625301635257,0.861283470890933,0.8445311334697511,25.04631,34.14336585489826,0.8712276900613218,0.848336264079666,0.826193349123163
DSC00633,JPEG,2,Foliage,0.0894298999992315,91.139707,1717885.0,35417365.0,95.15,5.945134,40.38918686450615,0.9633170556797602,0.9693649324978963,0.9765876671992092,6.3728795,40.08744638130658,0.9380619150269692,0.9367845197278388,0.9398204364043292,9.353512,38.42105676000168,0.9209847156645876,0.9184220449986138,0.9182834607205196
DSC00633,JPEG,3,Foliage,0.1054667999997036,96.032809,4555337.0,35417365.0,87.14,2.0371163,45.040645302428416,0.985536085718384,0.9881527513915344,0.9911122948299642,2.9103417,43.4913636033877,0.966465169559234,0.9683906253579004,0.9711949668885168,4.43036,41.66641368636239,0.9555934343280194,0.9571455894931048,0.95883822261152
DSC00633,WEBP,1,Foliage,5.000276599999779,89.08582,760470.0,35417365.0,97.85,11.176763,37.64764349524337,0.9396670729401034,0.947283236471395,0.9594067794836124,9.465179,38.36951520466784,0.9219628975832298,0.9105663157088778,0.9083620690425146,12.153832,37.283670998429045,0.9064668455596364,0.895641276761652,0.8901960581291579
DSC00633,WEBP,2,Foliage,7.22208750000209,94.09804,1724052.0,35417365.0,95.13,4.636988,41.46844381870655,0.9707371958842512,0.9756292153423198,0.98168378803266,4.759292,41.35537997552096,0.9516596243147916,0.9497088668729028,0.9518895522990596,6.598377,39.93643201304906,0.9394209126488048,0.9367252626578224,0.9367562964481744
DSC00633,WEBP,3,Foliage,26.06499519999852,96.45666,4676926.0,35417365.0,86.79,1.9364011,45.260850365034216,0.9850121322201076,0.9876791973607926,0.99079027317119,2.2591727,44.59130929899109,0.9743561258754316,0.9751288399076312,0.976983990341327,3.7088845,42.43837074245656,0.9655606652070708,0.9659499619950668,0.9667401261841708
DSC00635,AVIF,1,Buildings,1.2656132000010984,96.377264,773123.0,22670456.0,96.59,1.1063359,47.691933593883896,0.9902798334491432,0.9907498117694412,0.9914684717343898,1.2908653,47.02199432887929,0.9870064970915716,0.9867473755209144,0.9868477205679952,1.6898298,45.85237399963685,0.9830118616352954,0.9825914525510016,0.9825216803312976
DSC00635,AVIF,2,Buildings,1.731838300001982,97.009161,1698834.0,22670456.0,92.51,0.80938035,49.04927688631686,0.9920923543268546,0.9924039225609956,0.9929358816130132,1.1596136,47.48767043493128,0.9881056007776852,0.9879574452472772,0.9880737833788216,1.5123743,46.33421070393532,0.9843908786541604,0.984101379842962,0.9840539593057548
DSC00635,AVIF,3,Buildings,2.58469039999909,97.161063,4732328.0,22670456.0,79.13,0.6156655,50.23735562138212,0.9936995637121104,0.993953081726295,0.9943991025272308,1.0238787,48.02831855308497,0.9892257781478097,0.9892359807883758,0.9894579969607856,1.3132939,46.94718418783406,0.986105437647788,0.9860687148163334,0.9862003708975547
DSC00635,HEIC,1,Buildings,4.053828399999475,96.142945,796931.0,22670456.0,96.48,1.0743078,47.81951643291492,0.990591460739164,0.9911377235023772,0.9919386508000811,1.5114958,46.3367340304655,0.9846976054247112,0.9843439706056342,0.9843923343210436,1.8416126,45.4788210271381,0.9813813006109467,0.9808626484308351,0.980818257208648
DSC00635,HEIC,2,Buildings,4.010445899999468,96.684988,1776427.0,22670456.0,92.16,0.82619387,48.959984002805406,0.9918522247118002,0.9922793022648996,0.9929595360795606,1.3137766,46.94558826474167,0.985993790245868,0.9858844991288136,0.9860581152269844,1.5794066,46.14586388604791,0.9835088313542673,0.9833383512149392,0.9834670883450932
DSC00635,HEIC,3,Buildings,15.430067400000553,96.983103,4348560.0,22670456.0,80.82,0.65079606,49.99635446823432,0.9929043829000516,0.993255736893057,0.9938342202528962,1.186784,47.38708669566407,0.9865263321914608,0.9866012522292792,0.9868836261416036,1.3927062,46.6922085814792,0.9849011023962916,0.9849504606705348,0.9851799663934446
DSC00635,JPEG,1,Buildings,0.0844431000004988,90.261534,753481.0,22670456.0,96.68,3.8956828,42.22496789690447,0.9760581690240474,0.9770141390191364,0.9784846599720488,2.8960795,43.51269880743696,0.9771611228774651,0.975786303130011,0.975462481644172,3.445383,42.758428275559055,0.9720948491242756,0.9703508267128004,0.9695734245678684
DSC00635,JPEG,2,Buildings,0.0493319999986852,96.28888,1704124.0,22670456.0,92.48,1.1013905,47.71139050285564,0.9900723150156734,0.9905905588783328,0.9913024102940444,1.3687651,46.76751428371821,0.9864250343436224,0.9863381410433562,0.9864971507050008,1.809152,45.556053078412575,0.9825122414195226,0.9823941347681696,0.9825476239559466
DSC00635,JPEG,3,Buildings,0.069122699998843,97.009085,4539516.0,22670456.0,79.98,0.71386874,49.59461985941977,0.99199161829507,0.9923320827103096,0.9929010505190144,0.89404714,48.61719932058119,0.9894679994666072,0.9894518715663262,0.9896429443347432,1.175517,47.42851473329885,0.986632162868807,0.9866748254813668,0.9868931101343325
DSC00635,WEBP,1,Buildings,4.55421700000079,95.653264,757802.0,22670456.0,96.66,1.4713618,46.45360892975,0.9871792746487844,0.9878393782087336,0.9888339261678204,1.286585,47.03641883746701,0.9853198504047204,0.9847248257466747,0.98477525385362,1.7460313,45.71028349398457,0.981320101860142,0.9805408187007484,0.9804403633105876
DSC00635,WEBP,2,Buildings,7.186653599997953,96.490038,1685312.0,22670456.0,92.57,0.9330977,48.43153229342546,0.9907577877522468,0.991171014935738,0.9918112596711384,1.0139495,48.07064017525636,0.9878092830704448,0.987565748383436,0.98769708150742,1.3877263,46.70776543313205,0.9849372947387688,0.9846106422915256,0.9846473435639196
DSC00635,WEBP,3,Buildings,5.350197199997638,97.005863,2915144.0,22670456.0,87.14,0.6695687,49.87285196510648,0.9928000720719684,0.9930500856304068,0.9934867626247892,0.9196406,48.49462219179123,0.9890787287250282,0.989005300796712,0.9891675670796054,1.2223442,47.25886854302304,0.9863447229026056,0.986183547936776,0.986218072980362
DSC00730,AVIF,1,Various,1.0682904999994207,95.030918,759328.0,28053131.0,97.29,2.7834039,43.68504137632492,0.979373991155264,0.9815330400274204,0.9847219628105534,2.830138,43.61272761242287,0.97173657639337,0.9699177479598416,0.9685711716098062,4.58017,41.52198763102592,0.9578308348665447,0.956042515521934,0.9549462879112114
DSC00730,AVIF,2,Various,1.4952970999984243,96.599797,1764977.0,28053131.0,93.71,1.572528,46.16481955066017,0.9862388714361284,0.9876013983203524,0.9895990491546368,1.9887741,45.14494910076135,0.9792495676841398,0.978668296986436,0.9781061971940548,3.233481,43.03410045972049,0.9700489199815334,0.9697823974351854,0.9693835101989444
DSC00730,AVIF,3,Various,2.694088500000362,97.216485,4860916.0,28053131.0,82.67,0.83618116,48.90779987786401,0.991900449295351,0.992610834283502,0.9936883011965448,1.67742,45.88438519184059,0.9826417821718656,0.9823646832829844,0.9819882891721172,2.7411282,43.75151015512884,0.9756220616931268,0.9755990380900994,0.9752553858837076
DSC00730,HEIC,1,Various,4.061782199998561,95.134266,710625.0,28053131.0,97.47,2.687657,43.837064842848335,0.9796613425999908,0.9819911459544844,0.9853612106060176,3.2964509,42.950337396717714,0.9681547888784934,0.9654774305486382,0.9633125628236762,5.1463513,41.0158091899721,0.9540489643816504,0.9515193084211608,0.949797413049306
DSC00730,HEIC,2,Various,2.362122399998043,96.544435,1690296.0,28053131.0,93.97,1.4827542,46.42011185164212,0.9871292651373768,0.9885831091597016,0.9906417307527466,2.353924,44.412879164174186,0.9755913419910692,0.9746879650680051,0.9737768352867582,3.7168922,42.42900371025445,0.9660748554694238,0.9657137301501556,0.965213169391594
DSC00730,HEIC,3,Various,11.251254300001165,97.025655,4468330.0,28053131.0,84.07,0.849781,48.83773365098756,0.9919267638796072,0.9927705248012674,0.9940058202662728,1.8575953,45.441292581086536,0.9804018001398714,0.9801678291783048,0.9796737807898964,2.9877038,43.37742809490733,0.9737932491002852,0.973944518175382,0.9736016773221648
DSC00730,JPEG,1,Various,0.0812016999989282,81.394159,752449.0,28053131.0,97.32,11.963897,37.352077029163496,0.9358985834165864,0.9400427224778172,0.948039552900432,7.0715137,39.635679691301256,0.9521208404718264,0.944664186369824,0.9375790560052362,11.234269,37.62535520153206,0.9303528597466442,0.9218651107220348,0.914633125723612
DSC00730,JPEG,2,Various,0.0911425000012968,95.376801,1725828.0,28053131.0,93.85,2.7538803,43.73135325127392,0.9796414459853624,0.9820496186205075,0.9851176516204506,2.84581,43.58874473782432,0.9710625396631412,0.9699966292846384,0.9689996923552588,4.4649158,41.63267099745128,0.9575672398388144,0.9569954371835074,0.9566066485392638
DSC00730,JPEG,3,Various,0.1085961000026145,96.82306,4332989.0,28053131.0,84.55,1.1986018,47.34405433842413,0.9888641640352408,0.9900771336336276,0.9917031337559415,1.6328939,46.00122386406822,0.9812207770956396,0.9810937639893792,0.980849269675948,2.491379,44.16640572336852,0.9733709751234088,0.973773440214384,0.9740605440887752
DSC00730,WEBP,1,Various,5.48494220000066,94.626552,744982.0,28053131.0,97.34,4.0533156,42.052699329974175,0.9698952867927896,0.9728142034060324,0.9776050922441027,3.3295455,42.90695424374549,0.9665649745236384,0.9631023314591506,0.9605888856754392,5.360669,40.838613602933584,0.951356072177448,0.9475208398337828,0.9451758106797626
DSC00730,WEBP,2,Various,7.411939800000255,96.129955,1742722.0,28053131.0,93.79,1.9709326,45.1840859218299,0.9829829492403808,0.9847982983601224,0.9874224974811742,2.1280608,44.850963347962285,0.9766273443995708,0.9754580529423496,0.9746156322850332,3.4383445,42.76730955686179,0.96714985235418,0.9662499726354472,0.965628431265407
DSC00730,WEBP,3,Various,12.112689300000056,96.920246,4407578.0,28053131.0,84.29,0.91611224,48.51131692886749,0.9909091069258116,0.9917767272438224,0.9930361018050105,1.4931194,46.38985822075184,0.9835172161968,0.9831337491651292,0.9826474183699176,2.554166,44.05831212416799,0.9767967643474628,0.976603411720802,0.9761205494280936
DSC00731,AVIF,1,Smooth,1.0019223999988751,96.821074,701778.0,20850380.0,96.63,0.80442536,49.07594615675558,0.9908641008912944,0.9905381316884808,0.9903711354031908,0.79147303,49.14644242034697,0.9932102683015624,0.9924815186476378,0.991761549104881,0.92040384,48.49101936861543,0.9899647578805046,0.9891473711379304,0.9884718653514174
DSC00731,AVIF,2,Smooth,1.267676400002529,97.282891,1391320.0,20850380.0,93.33,0.7563744,49.34343532615361,0.9908501024333844,0.99065004276934,0.9905918458918912,0.7638049,49.30097897901746,0.9929103417742836,0.9922765583766734,0.9916739002516902,0.89933705,48.59157866009834,0.9896696127478116,0.9890005037210078,0.9884747473245664
DSC00731,AVIF,3,Smooth,2.0251267999992706,96.975862,4154096.0,20850380.0,80.08,0.6030238,50.32745898265336,0.9926323670719824,0.99250772648629,0.9925239373629744,0.7651373,49.29340961260458,0.9924316011195924,0.991999052019106,0.99166220172242,0.83900505,48.8931579933631,0.9900862356257012,0.9896708929639224,0.9893851984361804
DSC00731,HEIC,1,Smooth,2.0534425000005285,96.59347,674661.0,20850380.0,96.76,0.75648725,49.34278762931911,0.9912002708206455,0.9909759622347448,0.990862481492714,0.6745319,49.84077878613788,0.9937485583779516,0.9932073028053704,0.992646661340162,0.8631304,48.770039535638965,0.9905368583403908,0.9898322064026928,0.989220136551424
DSC00731,HEIC,2,Smooth,2.764872099996865,96.771592,1750511.0,20850380.0,91.6,0.67052317,49.86666575819714,0.9917347968819008,0.991544709160841,0.991498468248224,0.64448655,50.0386651722728,0.9934906094014804,0.9930170030458708,0.992566152970494,0.7953392,49.12527976533872,0.9904036152234515,0.9898792557344231,0.9894593340880584
DSC00731,HEIC,3,Smooth,9.259154900002612,96.971404,4817513.0,20850380.0,76.89,0.5640336,50.6177536437236,0.9924669707484672,0.9923695039229145,0.992427590552972,0.61522526,50.24046193029351,0.9926252045939028,0.992320106905396,0.9920792869406168,0.7027526,49.66277905257634,0.9904980033569944,0.9902169379700706,0.9900186433761212
DSC00731,JPEG,1,Smooth,0.0794371000010869,96.108244,751927.0,20850380.0,96.39,0.92137694,48.48643002371831,0.9902209630547292,0.9897682824308726,0.9893978416915482,0.6996066,49.68226469809493,0.9938278807089328,0.9932632889832166,0.9926474736463212,0.9578979,48.317611271077226,0.9904411340695954,0.9895981198005568,0.9887801460672088
DSC00731,JPEG,2,Smooth,0.3905844000000797,96.733802,1720525.0,20850380.0,91.75,0.7533109,49.36106085975979,0.9904464063206226,0.990217437906454,0.990145711669312,0.62042713,50.20389577689781,0.9933538719823154,0.9928466420376612,0.992353016652372,0.802568,49.08598520446746,0.9898877025521248,0.989314168974943,0.988858132978775
DSC00731,JPEG,3,Smooth,0.0692047999982605,96.941818,4317803.0,20850380.0,79.29,0.6457715,50.03001470433472,0.9912761334604236,0.9911442329636644,0.991180463442691,0.5814788,50.48546492125289,0.9929725908809408,0.99263880248665,0.9923897530764898,0.72300535,49.539388495569085,0.9901859821293558,0.989893482303292,0.989704937977768
DSC00731,WEBP,1,Smooth,4.666403700000956,96.565707,805108.0,20850380.0,96.14,0.73864585,49.44644114555243,0.9904684060950149,0.9901660252537204,0.990068166815144,0.61763036,50.22351709433032,0.9925692758094924,0.991816192663522,0.9912643197276688,0.7492681,49.38443103967938,0.9899278331792822,0.989222989755251,0.9887680179499162
DSC00731,WEBP,2,Smooth,7.119693799999368,96.959777,1724934.0,20850380.0,91.73,0.6376867,50.08472984956329,0.9914402250154936,0.99127560478326,0.9912636351427224,0.5955634,50.3815235065011,0.9932699379021988,0.9927868045623344,0.9923452096699632,0.6858624,49.768433388946136,0.99076744278801,0.9902972786737816,0.9899400634267344
DSC00731,WEBP,3,Smooth,8.954286799998954,96.959777,1724934.0,20850380.0,91.73,0.6376867,50.08472984956329,0.9914402250154936,0.99127560478326,0.9912636351427224,0.5955634,50.3815235065011,0.9932699379021988,0.9927868045623344,0.9923452096699632,0.6858624,49.768433388946136,0.99076744278801,0.9902972786737816,0.9899400634267344
DSC00732,AVIF,1,Smooth,0.8786392000001797,96.694143,775555.0,21094767.0,96.32,0.84418434,48.86643071654498,0.990442327840182,0.9901885333075794,0.9901442105914724,0.92431617,48.47259809348956,0.9913911551809907,0.9905561008376392,0.9897225297364992,1.1876343,47.3839760204869,0.9876069840855464,0.986651154618799,0.9857764607120096
DSC00732,AVIF,2,Smooth,1.407707800000935,97.179791,1678124.0,21094767.0,92.04,0.7479101,49.39230992289741,0.990919233116586,0.9908069632922338,0.9908545405243588,0.8807961,48.682049722825695,0.9912980803426636,0.9906105416674243,0.9899226422303132,1.1405227,47.55976423226525,0.9875993075261248,0.9868428245837562,0.9861507412472668
DSC00732,AVIF,3,Smooth,2.27089789999809,97.035547,4273735.0,21094767.0,79.74,0.610507,50.27389715719677,0.9925368252617004,0.9924827999724692,0.9925713065177776,0.8539406,48.816527087852606,0.9912109092880612,0.9907217382469776,0.9902687985347716,1.0518311,47.91134351879209,0.988338922845278,0.9878284461083472,0.9873569209707336
DSC00732,HEIC,1,Smooth,2.2356507000004058,96.522841,831627.0,21094767.0,96.06,0.79349905,49.135339285798736,0.9908360237916342,0.9906691534752096,0.9906537887777436,0.87229216,48.72418382534911,0.991566963112844,0.9908779396016693,0.990158876761854,1.1379503,47.56957069714506,0.9880074467788044,0.987164567086046,0.986361871789852
DSC00732,HEIC,2,Smooth,4.47865290000118,96.773369,1777768.0,21094767.0,91.57,0.696278,49.70297686920815,0.9914497151484992,0.9913122750926756,0.9913467227926436,0.81852853,49.00046538928991,0.9915900158309862,0.9910233287316595,0.990447260594484,1.038129,47.968290531209234,0.9883566007775618,0.9877423571190744,0.9871470989542864
DSC00732,HEIC,3,Smooth,8.126017499998852,96.94641,4569248.0,21094767.0,78.34,0.5878577,50.43808134362106,0.9922524663159348,0.9921945691458424,0.9923035583324707,0.76986766,49.26664293470022,0.9912301093614804,0.9908445516784534,0.9904577199359826,0.9307399,48.44252038771237,0.9888280993088449,0.9884472599878408,0.988045802399678
DSC00732,JPEG,1,Smooth,0.0811561000009533,94.987334,758449.0,21094767.0,96.4,1.2674167,47.10160915394717,0.9874030857330786,0.9868901142757576,0.9865281799253074,1.0952562,47.73564648668847,0.9909940329466292,0.990089841193506,0.9890817228831936,1.3067628,46.96883576403757,0.9873025015479876,0.986238632061576,0.9851766721667552
DSC00732,JPEG,2,Smooth,0.0543016000010538,96.465458,1748786.0,21094767.0,91.71,0.81387216,49.02524187531896,0.9901958691373643,0.9900552630465994,0.9900435639981648,0.75661945,49.34202850515028,0.9920307670218924,0.9914946166972656,0.9909485724729656,0.96809685,48.27161558163131,0.9883861582870644,0.9877825220992816,0.9872436080211808
DSC00732,JPEG,3,Smooth,0.11371859999781,96.888727,4710576.0,21094767.0,77.67,0.6505799,49.99779709336264,0.9913301542534788,0.991265723647738,0.9913679334862506,0.61611557,50.23418182880015,0.9923468052321476,0.9920414694193136,0.9918213034346404,0.7772543,49.22517251902271,0.9895885461713636,0.9893287854865292,0.9891510150771264
DSC00732,WEBP,1,Smooth,5.856037699999433,96.316791,731300.0,21094767.0,96.53,0.87815994,48.69506734715514,0.9892337938861112,0.9889258432965312,0.9889075048326114,0.7308267,49.49265975597183,0.9918995125918,0.9911145288612302,0.9904537307500764,0.9760223,48.23620619934809,0.9886916778973642,0.987824681706527,0.9871277889192064
DSC00732,WEBP,2,Smooth,6.610640399998374,96.85897,1862296.0,21094767.0,91.17,0.6775304,49.82151580586581,0.9907792539458004,0.990680556559504,0.9907622800024912,0.65752494,49.951681249411365,0.9923094068546569,0.9918090780775136,0.991328270022994,0.87131035,48.72907485888029,0.989381810150064,0.988824323523179,0.9883108732279852
DSC00732,WEBP,3,Smooth,6.862354199998663,96.949971,2127298.0,21094767.0,89.92,0.6515377,49.99140808335782,0.9911941056685286,0.991088237866408,0.9911483392064316,0.6629349,49.916094801096456,0.9923762998793896,0.9919065293450472,0.9914320592968509,0.8730276,48.72052377592004,0.9894292063951284,0.988894110006784,0.9883781212706187
DSC00733,AVIF,1,Smooth,1.0147843999984616,96.595967,749068.0,20543613.0,96.35,0.81461036,49.02130426218442,0.9910234399796556,0.9907784206879862,0.9907457445574142,0.7034644,49.65838244150937,0.9934036077982872,0.9928122574672306,0.9922675902680737,0.99939126,48.13344826778884,0.9893162853297344,0.988464676347694,0.9877481312412948
DSC00733,AVIF,2,Smooth,1.4625908000016352,97.251446,1584394.0,20543613.0,92.29,0.7157928,49.58293036598399,0.9915678592352836,0.9914487523832616,0.9915097638613062,0.67217404,49.85598612519286,0.9933153193293311,0.9928218763087154,0.9923759711402949,0.9568461,48.32238242557602,0.9892719239042024,0.9886028434267784,0.9880634007751798
DSC00733,AVIF,3,Smooth,1.9476503000005323,96.975909,3854114.0,20543613.0,81.24,0.61059785,50.27325076070248,0.9926477970950736,0.9925876042670936,0.9926974107702315,0.6448584,50.03615979718252,0.9932954654518484,0.992942802428336,0.9926600618152248,0.8897133,48.638302939663866,0.9897690770318194,0.9893416374140714,0.9890295214777192
DSC00733,HEIC,1,Smooth,4.738038700001198,96.409707,799670.0,20543613.0,96.11,0.7548378,49.35226727495522,0.9915180416272256,0.9913605828051262,0.991356608146438,0.7095469,49.62099223647983,0.9931491023908502,0.9925187802206792,0.9919084671140886,0.92302644,48.47866211839943,0.9899275721815924,0.9892204183417312,0.9886065468406948
DSC00733,HEIC,2,Smooth,7.684875400002056,96.724873,1615579.0,20543613.0,92.14,0.66076154,49.930356116598,0.9920909470653776,0.9919683281079944,0.992020115498054,0.6706082,49.86611502655415,0.9930371319950408,0.9924992771601978,0.992006870359633,0.850494,48.83409087853956,0.9900776276264476,0.9895454538883643,0.9890959786284174
DSC00733,HEIC,3,Smooth,3.716093499999261,96.919344,4182573.0,20543613.0,79.64,0.55732363,50.66972894985284,0.9927363725703372,0.9926944570353096,0.9928280040997188,0.6296249,50.139984561141816,0.992502817609725,0.9921418661925506,0.9918450527728166,0.7692525,49.270114710559696,0.9900712255354834,0.989749858319639,0.9894910506404888
DSC00733,JPEG,1,Smooth,0.1899057000009634,94.507965,756461.0,20543613.0,96.32,1.2726825,47.0836027474667,0.9875375760309942,0.9869874861811384,0.9866121412226868,0.7866588,49.17293923259616,0.9927400475981456,0.9919712066916064,0.9911608828841733,1.1079592,47.68556622928848,0.9891736983282458,0.988225178639833,0.987347746342911
DSC00733,JPEG,2,Smooth,0.0865025999992212,96.336927,1674960.0,20543613.0,91.85,0.76208574,49.31076535538995,0.9909695145081926,0.9908512419300002,0.9908795166399328,0.6887028,49.750485080945325,0.9931238475410992,0.992586477015373,0.9920430756824226,0.8756694,48.707401868292415,0.9896200472762208,0.9890142742410892,0.9884596075887704
DSC00733,JPEG,3,Smooth,0.1157015999997383,96.84313,4496172.0,20543613.0,78.11,0.6074039,50.29602803971188,0.9919585759495462,0.9919188027874736,0.9920615982499856,0.58658254,50.44751215561165,0.9929405858743304,0.99260352891431,0.9923386812879116,0.740795,49.43382318463178,0.990158930015696,0.9898692712546804,0.98966866276112
DSC00733,WEBP,1,Smooth,4.0525816999979725,96.243147,762354.0,20543613.0,96.29,0.8385528,48.89549949919492,0.9899638197869728,0.9896953237556448,0.9897209745934406,0.5305484,50.883553686645975,0.9934907213119633,0.9928799110222865,0.992452724760344,0.7791174,49.21477445348447,0.9904384180556932,0.9897369920622096,0.9893019356054688
DSC00733,WEBP,2,Smooth,6.971754300000612,96.800232,1772560.0,20543613.0,91.37,0.6524139,49.985571392566335,0.991540280202908,0.9914645820292368,0.9915724151931664,0.49235982,51.20797755203695,0.99388482008309,0.9934928119976024,0.9931646477169928,0.6783261,49.81641848957299,0.990922607833062,0.9904658841942908,0.9901335531275316
DSC00733,WEBP,3,Smooth,8.292863199996646,96.917768,2027760.0,20543613.0,90.13,0.6250407,50.17172068223073,0.9919415494789632,0.9918593089847464,0.9919494981595928,0.50664085,51.08380143928274,0.9938555558549856,0.99347973137461,0.993151172763461,0.6842511,49.778648351744536,0.990832354408115,0.9903904363579156,0.990047562776529
DSC00792,AVIF,1,Foliage,1.1609275000009802,88.602435,772153.0,30877036.0,97.5,6.997017,39.68167437821717,0.966558299120954,0.9714972618208824,0.9767916384654756,6.510321,39.994779392035454,0.9461453411784132,0.9460035088271088,0.9491900240884072,9.032633,38.57266017097128,0.9372241533340564,0.9356106313770336,0.9354248435540782
DSC00792,AVIF,2,Foliage,1.6784102999990864,95.061392,1721604.0,30877036.0,94.42,2.828954,43.61454471969448,0.9834222548991968,0.9857649788703964,0.9882052046303492,3.8015904,42.33115044919248,0.9648682737363146,0.9663777968110674,0.9689718531332696,5.3936157,40.81200354634768,0.958343705265994,0.9588384037198712,0.9594784031175864
DSC00792,AVIF,3,Foliage,3.007002300000749,97.395138,4439242.0,30877036.0,85.62,1.051554,47.91248795861296,0.9919654652783626,0.9928480072350174,0.9938176482217528,2.5541596,44.05832311920076,0.9760116275557604,0.9773926879033868,0.9791909380879243,3.8251197,42.30435349463652,0.9714662360518912,0.97222734454945,0.9727640649722364
DSC00792,HEIC,1,Foliage,2.745451099999628,90.921717,796871.0,30877036.0,97.42,5.9984727,40.35039689344971,0.968978629180101,0.973609048099224,0.9786400106096926,7.5589137,39.34620983668639,0.9368055589841772,0.935454155115735,0.9382705249124452,9.248231,38.4702168229369,0.9347873031392688,0.9314123439501988,0.9296885980282455
DSC00792,HEIC,2,Foliage,3.0984577000017453,94.895771,1646949.0,30877036.0,94.67,2.827455,43.61684647827595,0.9838487638866124,0.9862546890259506,0.9887544377552572,4.774666,41.34137372158487,0.9569242699461612,0.9587703447760664,0.9618290211041962,6.321287,40.12274845669264,0.9526667903524604,0.9529333901243424,0.9534240192067328
DSC00792,HEIC,3,Foliage,9.955067200000483,96.667636,4638378.0,30877036.0,84.98,1.0608317,47.87433878259192,0.9919771441903248,0.9929785994907504,0.9940658868919248,3.0636473,43.26841584413313,0.9721103764772748,0.9740216084018268,0.9761173508008208,4.3671937,41.72877892305071,0.96918889934881,0.9702798062540008,0.9708749532532458
DSC00792,JPEG,1,Foliage,0.0442275999994308,68.745853,771394.0,30877036.0,97.5,22.396782,34.62894733445756,0.902269849382436,0.9095729605137708,0.920170378810748,16.593151,35.93151481396448,0.9030448952112202,0.8917981036996324,0.8875680283058204,19.057276,35.33019556894684,0.910275407816196,0.901846024684475,0.8954670884393738
DSC00792,JPEG,2,Foliage,0.1082385999980033,92.15149,1717261.0,30877036.0,94.44,5.461913,40.75735562823331,0.9707386914517832,0.9748173751648068,0.9789595233752167,6.1594496,40.235384726818815,0.946046946453513,0.9472978199672766,0.9508325613924608,8.22763,38.97805612674204,0.939879252776022,0.939530107027313,0.9398604191195308
DSC00792,JPEG,3,Foliage,0.145832899997913,96.228285,4550058.0,30877036.0,85.26,1.7216066,45.77146445839797,0.9889151072759552,0.9904510284727812,0.9919816734227088,2.794447,43.66784499865034,0.9721300536595248,0.9741408390617936,0.9763826301725036,3.6895208,42.46110404010638,0.968116668334406,0.969276636098264,0.9701086916779136
DSC00792,WEBP,1,Foliage,4.478264599998511,90.230862,758968.0,30877036.0,97.54,9.738559,38.245856637381664,0.9466233666339594,0.952835699141382,0.9613239822739966,8.637345,38.7670008895587,0.9297976919773184,0.9239445876376958,0.9248808317994144,9.533792,38.338147208783525,0.9314763050755164,0.9264630213815844,0.9242912249600314
DSC00792,WEBP,2,Foliage,5.330142499999056,94.345725,1702832.0,30877036.0,94.49,4.1412244,41.95951596723105,0.9749237929311684,0.9783969618271262,0.9822232414931188,4.6201615,41.48423211977186,0.9565561500223738,0.9564170738935128,0.9588833412698392,5.870073,40.4443685803865,0.952129934080368,0.9507455286881542,0.9506769908139346
DSC00792,WEBP,3,Foliage,9.732137099999818,96.291262,4360232.0,30877036.0,85.88,1.346473,46.83882709559459,0.9900281020944836,0.9912362554438576,0.992518760068032,2.2910814,44.53039827761275,0.9776720610673536,0.9787203513994776,0.9802724946119712,3.499528,42.69070909342996,0.9737218420423378,0.9741465563000794,0.9744871825945935
DSC01082,AVIF,1,Foliage,0.911656200001744,85.332247,767140.0,32841667.0,97.66,10.966569,37.73009597439216,0.9603785107484374,0.9692850981738472,0.9778041289723532,11.259175,37.6157376296317,0.9164459829952828,0.9215377318793716,0.93291161562457,8.98193,38.59710710743389,0.9196020924838754,0.9156804589349896,0.9162302430545236
DSC01082,AVIF,2,Foliage,1.545208300001832,93.667031,1714783.0,32841667.0,94.78,4.342487,41.75341850706755,0.9818551791902398,0.98589277121913,0.989582419386652,7.2792273,39.50995102544795,0.9420771019274092,0.9484037849372412,0.956996762329494,5.7635527,40.52390080149035,0.9436894027655942,0.944178142483998,0.9462139984532052
DSC01082,AVIF,3,Foliage,2.831736799998908,96.663302,4512165.0,32841667.0,86.26,1.3620412,46.78890090262084,0.9924113577381568,0.9936763062928736,0.9948330544611796,4.9770737,41.16106297702552,0.9600455088416396,0.9649376309168152,0.9708617177264228,3.7645562,42.37366594443549,0.963478319613585,0.9644882249006752,0.9659373138089352
DSC01082,HEIC,1,Foliage,2.266497500000696,86.894511,741026.0,32841667.0,97.74,10.4446125,37.9418803266565,0.9603469268294984,0.9694023270626804,0.9782076558591188,14.673122,36.46557835735856,0.8944281402866082,0.8992605480892626,0.9130257587676692,10.411023,37.95586939347372,0.9106603185090124,0.9029411868165836,0.900904241447264
DSC01082,HEIC,2,Foliage,2.1860268999989785,93.808447,1690237.0,32841667.0,94.85,4.0915713,42.011902452946586,0.982279881947428,0.9862853941923542,0.9899904336315696,9.020693,38.57840460689015,0.9312760332009749,0.9387843393852257,0.9487748284934392,6.702881,39.86818865392239,0.9354799839435112,0.9350281691279602,0.9370030356217012
DSC01082,HEIC,3,Foliage,5.911712699999043,96.304628,4679651.0,32841667.0,85.75,1.4108411,46.63602254380677,0.991931571570402,0.9934273643570708,0.9948575199493138,5.9355907,40.39616408170468,0.9552095418065883,0.9609298472248056,0.9674309576555424,4.1480927,41.95231899961044,0.9600281408887932,0.9613366139342864,0.9630310505028854
DSC01082,JPEG,1,Foliage,0.0455527999984042,57.502209,740457.0,32841667.0,97.75,42.90848,31.80537225197929,0.873886043511803,0.8938183316364895,0.918852881599066,30.23002,33.32641938463209,0.8421267652894975,0.8332830995523649,0.8435648044271064,23.819921,34.36140042483603,0.8807190053246674,0.8628620368572144,0.8500403712481548
DSC01082,JPEG,2,Foliage,0.0909721999996691,89.456429,1717207.0,32841667.0,94.77,8.858018,38.65743813643429,0.9664953477031056,0.9739209762949324,0.9806760780450384,12.022262,37.33094202953738,0.9105836597652583,0.9185283695646675,0.9314478125504688,8.626731,38.77234105319819,0.9210279688721056,0.9192710807950006,0.9210887353964744
DSC01082,JPEG,3,Foliage,0.3070857000020623,95.728751,4566847.0,32841667.0,86.09,2.5007122,44.15016670860395,0.98837069552685,0.9906955311806832,0.9927654556940484,5.7541394,40.53099986525612,0.953852169119046,0.960096885920432,0.9670956226641234,4.2933598,41.80283083262751,0.9565728542002496,0.9581789400428944,0.9600943342677092
DSC01082,WEBP,1,Foliage,4.163212899999053,84.790849,763724.0,32841667.0,97.67,16.376364,35.98862878160992,0.9359672256090902,0.9493141743593152,0.9639813883403412,17.4516,35.71245127074413,0.8787023065436613,0.8754537226625794,0.8875621817732855,10.806876,37.7938018770722,0.9078097422969482,0.8979793453178206,0.8945991045714922
DSC01082,WEBP,2,Foliage,6.504905500001769,92.310565,1754946.0,32841667.0,94.66,6.3484745,40.10410982896528,0.973033504924304,0.9791456576135044,0.9848866045184512,9.05541,38.56172228466531,0.9283810087377752,0.9336295050973872,0.943880622249105,6.8536534,39.77158226027005,0.9325311377175276,0.9298217489673786,0.9310502493434574
DSC01082,WEBP,3,Foliage,8.658497100001114,95.852461,4483456.0,32841667.0,86.35,1.832714,45.499856671836056,0.990323371031446,0.9921762593859488,0.993870232007945,4.9007072,41.22821605027929,0.9607114499375744,0.9652572995198834,0.9709992011446172,3.6286705,42.53332845852172,0.9640217430754612,0.9645440950714056,0.9657809048583178
DSC01087,AVIF,1,Foliage,1.1223876000003656,82.172368,773109.0,39798313.0,98.06,19.142529,35.31081064019836,0.9288919901862874,0.9414297526325152,0.9552902925864848,16.313723,36.005272925241925,0.8774190243584341,0.8742093219244704,0.8817851041834386,16.815855,35.87361394672891,0.8774355489133026,0.8686430502117378,0.8658764937669281
DSC01087,AVIF,2,Foliage,1.341004599998996,92.244108,1732819.0,39798313.0,95.65,7.7470407,39.2394450957636,0.9664302702522296,0.9728783182300385,0.9793511396615872,10.101532,38.08693128549067,0.913479145458318,0.9169580811622852,0.9248731864547852,10.918592,37.74913706859749,0.9087435474082068,0.9077775903003188,0.9094563465578672
DSC01087,AVIF,3,Foliage,1.836020999999164,96.439673,4603511.0,39798313.0,88.43,2.5354426,44.09026583543741,0.9855872470835464,0.98818335357344,0.9907943763364172,5.517286,40.71354885515974,0.9501587521747444,0.9539015638737156,0.9587481351999416,6.2347517,40.18261211194857,0.9471718647827309,0.9485831903710956,0.9501076192073524
DSC01087,HEIC,1,Foliage,6.280957899998612,84.85746,758644.0,39798313.0,98.09,17.563189,35.684769967963874,0.9302040290410766,0.9426353118364972,0.9563481055208758,19.225634,35.29199686472127,0.8586687266081868,0.85215307897723,0.8585097824520868,17.870897,35.60934006294785,0.8720314801394375,0.8602839718797209,0.8538768735312277
DSC01087,HEIC,2,Foliage,3.3921952999990026,93.356332,1746418.0,39798313.0,95.61,6.7185965,39.858017880331616,0.9689157986960444,0.9748747788890294,0.9808967269515138,11.65385,37.4661094035677,0.9026038663410976,0.906589277704372,0.9151502580687458,11.905382,37.37337020003164,0.9022752373512202,0.8998776861021127,0.9006217822969228
DSC01087,HEIC,3,Foliage,5.694362499998533,96.330671,4604371.0,39798313.0,88.43,2.282942,44.54585461845036,0.9871557459265264,0.9895888083878024,0.99202565041054,6.820361,39.79272967842576,0.9417221611100144,0.9465045587954122,0.9521502649561184,7.2715836,39.51451360439051,0.9406024528274468,0.9424229401167652,0.9441354952426588
DSC01087,JPEG,1,Foliage,0.0574974000010115,55.895125,777041.0,39798313.0,98.05,61.796658,30.22115357283084,0.8077403719940577,0.8250622859383284,0.8541969833714226,39.311234,32.18563678252574,0.8031718779621658,0.7784248903105015,0.7680830646865191,38.11693,32.3196246338034,0.8241273518555667,0.7945330201371501,0.7648619001580499
DSC01087,JPEG,2,Foliage,0.0872165000000677,87.521551,1740104.0,39798313.0,95.63,14.63268,36.47756489767608,0.9378571458619526,0.9488191813986044,0.9601832045047266,15.750788,36.15778060764957,0.8771600663021081,0.8788884015302318,0.8883558915834727,15.43815,36.24485090003396,0.8828626314195441,0.8785194558184044,0.8781204855086204
DSC01087,JPEG,3,Foliage,0.0672204000002238,95.426839,4474586.0,39798313.0,88.76,4.3102865,41.78574215832703,0.9788285512121218,0.9829375065930068,0.9868727003051008,7.582686,39.33257275170861,0.9311983913511662,0.9370747336393622,0.9442628616415234,7.791756,39.21444992557675,0.929836738632662,0.9322837938322568,0.9349522507951044
DSC01087,WEBP,1,Foliage,4.173185499999818,84.105623,766270.0,39798313.0,98.07,26.729658,33.860869773626966,0.8947892596412022,0.9108299508113844,0.9316613235710764,22.420677,34.62431633359223,0.8442166993694967,0.8294421487364034,0.8322634517662659,19.638296,35.19976569019779,0.8635406706317356,0.8485411940763389,0.8409329465860166
DSC01087,WEBP,2,Foliage,5.404772999998386,91.797954,1723172.0,39798313.0,95.67,10.996091,37.71842055082636,0.9495017022145742,0.9585095826006558,0.9682828499973858,12.565501,37.13900560428819,0.895096182377051,0.8943153976160807,0.902378485803946,12.108078,37.30005165279677,0.8985632988095512,0.8931688435609954,0.8929849458028103
DSC01087,WEBP,3,Foliage,9.45253429999866,95.629359,4566882.0,39798313.0,88.52,3.2827954,42.968365591675,0.9819710448208852,0.9854170185782946,0.9888137409745656,6.0798306,40.2918887855673,0.9447731121794058,0.9480165328827532,0.9532333777750056,6.6830397,39.88106301950302,0.9415623118269442,0.9419836709004084,0.943345974618821
DSC01088,AVIF,1,Foliage,1.1555401000005077,85.791853,749924.0,36011673.0,97.92,11.101871,37.67684202993945,0.9417801090918296,0.950746285903118,0.960764994125194,11.227056,37.6281449387738,0.9115123976456654,0.912635337842983,0.9198972875580564,9.991153,38.1346474837183,0.9156443752859724,0.9101678424046726,0.9077049970754602
DSC01088,AVIF,2,Foliage,1.5208773000013025,93.632005,1709050.0,36011673.0,95.25,4.86921,41.25621884148426,0.9707482601826272,0.9754514660743,0.980317869271671,7.2979875,39.49877228036945,0.935853837827362,0.939738918867702,0.945968885205144,6.8090944,39.79991025422292,0.9357067315638306,0.9347351233027212,0.9348609411375344
DSC01088,AVIF,3,Foliage,2.90894599999956,96.446083,4540533.0,36011673.0,87.39,1.6877433,45.85773955413531,0.9877115674418598,0.989491301418928,0.991324667033484,4.9073987,41.222290016548506,0.9563145417384856,0.9598321443324273,0.964189383726474,4.57111,41.53058715018818,0.9577014604452546,0.9581674864788364,0.9585809182058328
DSC01088,HEIC,1,Foliage,4.92075720000139,88.194081,751481.0,36011673.0,97.91,10.155679,38.06371413397902,0.944189572938208,0.9529736460927664,0.9627186657888404,13.629555,36.78598704638424,0.8949533900290405,0.8945688889135603,0.9022161880323688,10.774289,37.80691751049622,0.9113527049675356,0.9033137406486756,0.8984165982926074
DSC01088,HEIC,2,Foliage,9.186342600001808,93.850814,1636486.0,36011673.0,95.46,4.683586,41.425018361308325,0.9717263952283548,0.9764087860869656,0.9812478575747255,9.086608,38.54678569950656,0.9240033100545786,0.9286147582590418,0.9360540710927012,7.889823,39.16013107220672,0.92772484965692,0.9251416246438636,0.9243784964975926
DSC01088,HEIC,3,Foliage,5.941315799998847,96.348753,4794093.0,36011673.0,86.69,1.5959404,46.100637048052405,0.9887674263131084,0.9905285248807147,0.9923409511071772,5.8228564,40.47944263861915,0.9519707605043328,0.956280325736432,0.961186249881004,5.0092607,41.13306745018548,0.9548987734637208,0.9554809358148334,0.9558895819746108
DSC01088,JPEG,1,Foliage,0.0774394999971264,63.405856,758674.0,36011673.0,97.89,32.093983,33.0665673710636,0.8572895344676509,0.869492593251506,0.8894090931646373,24.587704,34.22362375094797,0.8537231114434649,0.8424832621979353,0.843318223822183,22.796463,34.55212903412588,0.8822192717878323,0.8647516969335333,0.8483873554862694
DSC01088,JPEG,2,Foliage,0.0900260000016714,89.795352,1722928.0,36011673.0,95.22,8.727456,38.721926768591786,0.9512986365299104,0.9587376915068404,0.966415335623754,11.613497,37.481173605514,0.9082967779157296,0.9118619808890256,0.9201470240731456,9.453704,38.374783576299215,0.9188578780074984,0.915504710585242,0.9142817060995736
DSC01088,JPEG,3,Foliage,0.1075378000023192,95.651672,4428343.0,36011673.0,87.7,2.9405065,43.446582145019086,0.981390038266438,0.9844236107650962,0.9873932780229592,5.9467835,40.38798230753307,0.9457905697163927,0.9507562223075762,0.9565055351254652,5.1209574,41.03729210459221,0.9482818291646252,0.9492780771334338,0.9502268315133852
DSC01088,WEBP,1,Foliage,5.079368399998202,88.491071,761068.0,36011673.0,97.89,14.924595,36.39177825704447,0.9161074388155558,0.9271796892308094,0.9419346456046694,15.436698,36.245259694359135,0.8846138939020344,0.8786660083704511,0.8847765180820241,10.700357,37.83682082781776,0.9104120834771366,0.9015583407931896,0.8966557635553073
DSC01088,WEBP,2,Foliage,4.861428100000921,93.194111,1733650.0,36011673.0,95.19,6.6552653,39.89914965939779,0.958689845983296,0.9651795771831688,0.97221751131051,8.81942,38.67640351095821,0.923136977221093,0.92460975895359,0.9310960752395906,7.352034,39.46672854697661,0.9287608765045507,0.9249249156367948,0.9239592872702308
DSC01088,WEBP,3,Foliage,8.474903999998787,95.777541,4318252.0,36011673.0,88.01,2.3055964,44.50297081878788,0.9836550289408936,0.9862079045023966,0.9888089704130494,5.01261,41.13016454055692,0.9555983655821316,0.9587840071622342,0.9632219548163712,4.539783,41.56045273497651,0.9565011775683732,0.9563485078879296,0.956603477847408
DSC01226,AVIF,1,Low light,0.8270282999983465,94.944977,748788.0,32520137.0,97.7,2.5349743,44.09106780781571,0.9681822874918912,0.9690740461105448,0.9709674119231168,2.0137248,45.09080233739715,0.9780089393302448,0.9766647617511228,0.9760981340161522,4.311044,41.7849788181185,0.9488268095906688,0.947158199209572,0.9468689050708538
DSC01226,AVIF,2,Low light,0.9816203000009408,96.434027,1730904.0,32520137.0,94.68,1.8673036,45.41865403376124,0.9751572061262014,0.976107370500206,0.9777088472654298,1.7094371,45.80227218211338,0.9793642642803316,0.9787095525571228,0.9786188213821722,3.374427,42.84880306069613,0.9583560292530202,0.958162385919102,0.9585201098217648
DSC01226,AVIF,3,Low light,1.2515218000007735,97.332992,4641537.0,32520137.0,85.73,1.0555776,47.895901858145066,0.9856166542434444,0.9862133536730942,0.9871421466784748,1.4900459,46.39880698998007,0.9815765372945756,0.9812442599730424,0.9812714834716592,2.8145442,43.63672269905193,0.9657670954379296,0.9658441478428446,0.9662222126085264
DSC01226,HEIC,1,Low light,2.648117199998524,94.854816,729242.0,32520137.0,97.76,2.416587,44.29877919900247,0.9702862608603928,0.9714723243217664,0.9734861860778402,2.172316,44.76157358375638,0.9767998794247628,0.9753132014184996,0.9746460524166366,4.53088,41.56897797717188,0.9460566008108222,0.9438268417313604,0.9431767879044238
DSC01226,HEIC,2,Low light,5.7439548000002105,95.992189,1842870.0,32520137.0,94.33,1.6953163,45.83829638900095,0.978342659685681,0.979396572235592,0.981028831329832,1.8606801,45.434086378427736,0.9782110577678568,0.9773146628757656,0.977081383246248,3.5531077,42.624719937282016,0.9556976190441684,0.9553645236004884,0.9556591523899934
DSC01226,HEIC,3,Low light,3.8230005000004894,96.483903,4200638.0,32520137.0,87.08,1.1155226,47.656019714917136,0.9856176863008824,0.9863815162090244,0.9875319001463436,1.5700758,46.17159754778506,0.9803418467494028,0.9800561602629811,0.98016420949144,2.813687,43.63804570169226,0.9651225315708432,0.9653772320274958,0.965848217169162
DSC01226,JPEG,1,Low light,0.0797392000022227,89.311052,761710.0,32520137.0,97.66,4.49653,41.6020287197026,0.9537957134670708,0.9545834370792428,0.9568979751202517,3.2844431,42.96618620717179,0.971592958472523,0.968603035752976,0.9664869598395872,6.5984654,39.93637434319728,0.9358596804160874,0.9309056427024858,0.92798810004374
DSC01226,JPEG,2,Low light,0.0521455999987665,95.214827,1723320.0,32520137.0,94.7,2.2688208,44.57280181550286,0.9714605373412314,0.9725156631225506,0.9742003052839088,1.8912536,45.36330593226055,0.9775520388436668,0.976685917099344,0.9765026512131184,4.123094,41.97857107255008,0.9485808565544503,0.9476230041481396,0.947713476818904
DSC01226,JPEG,3,Low light,0.06634600000325,96.500121,4476868.0,32520137.0,86.23,1.3803129,46.731028050635445,0.981397105345528,0.982285443987376,0.9835282070022414,1.4058657,46.65136532234602,0.9807994258835848,0.9807046665360406,0.980945737298394,2.8587549,43.56903431274601,0.9610107196727352,0.9614372519804096,0.9620999676538624
DSC01226,WEBP,1,Low light,6.755683899998985,95.144543,757848.0,32520137.0,97.67,2.815495,43.63525605923616,0.965409409277046,0.9664791710626908,0.968714631549099,1.8591493,45.437660659459205,0.9778813615966288,0.9762584930597112,0.9755948117830467,4.2357097,41.86154187419397,0.9475132957264888,0.9447522008395168,0.943863540604232
DSC01226,WEBP,2,Low light,5.7805707000006805,95.982743,1795156.0,32520137.0,94.48,1.9740826,45.17715045483402,0.9738251172544192,0.9748772867963296,0.976594739678917,1.4815054,46.42377137820005,0.9809273762610944,0.980093150145442,0.9799234712878976,3.1266031,43.18007584637592,0.9595016390192632,0.9586926751098896,0.9586885326173282
DSC01226,WEBP,3,Low light,11.736528599998564,96.615763,4406174.0,32520137.0,86.45,1.1967697,47.35069773819679,0.9834770072892396,0.9842010146290932,0.9852787230250356,1.1749514,47.430604596972415,0.98443450170532,0.9841935197651296,0.98425679480631,2.2833738,44.54503349829988,0.9703123001044812,0.9703330983707216,0.9706328882001956
DSC01228,AVIF,1,Low light,0.722190500000579,94.278623,770974.0,32636401.0,97.64,2.6442802,43.90772878410821,0.9701059472345128,0.9723245067010848,0.9759961623972576,2.4505124,44.238234393893485,0.9725208886792486,0.970817827831156,0.9705672068494312,4.849011,41.274271965075386,0.9442535919869004,0.9427266976798264,0.9431391819334708
DSC01228,AVIF,2,Low light,0.9975383000019064,96.399697,1745123.0,32636401.0,94.65,1.8937911,45.35748316868027,0.9770492616248904,0.9788705333808126,0.9816760645507824,1.8724766,45.40663945142044,0.9772470521204863,0.9767082223293302,0.9769906202228992,3.51337,42.67356466002486,0.9578034688187208,0.958052276658619,0.9590031741897008
DSC01228,AVIF,3,Low light,1.2961007000012614,97.322303,4784953.0,32636401.0,85.34,1.0339192,47.98593760319511,0.986877922104938,0.9878975585077376,0.9894192949018796,1.5411439,46.2523718902842,0.9808430683156146,0.9807074826557732,0.9810726034174964,2.794049,43.6684635571294,0.966744402938406,0.9672447627823204,0.9680731993075996
DSC01228,HEIC,1,Low light,2.946921000002476,94.180487,695963.0,32636401.0,97.87,2.66315,43.87684729950331,0.9701664024964513,0.9726622378001376,0.9765735502657334,2.730274,43.76874128394963,0.969453452572002,0.9672297348169312,0.9666888639247058,5.234755,40.941840135376125,0.940305221316158,0.938172927608637,0.9382315725179318
DSC01228,HEIC,2,Low light,3.3410666000017955,95.75477,1717048.0,32636401.0,94.74,1.7897052,45.60298877547765,0.9787810148952734,0.9807266290062816,0.983579136076779,2.0638871,44.98394426351841,0.9746208900358794,0.9739043454279548,0.9741566431686872,3.8517761,42.27419323639822,0.953612043396741,0.9538850726815784,0.9548905819596516
DSC01228,HEIC,3,Low light,7.968577200001164,96.407458,4429090.0,32636401.0,86.43,1.0898045,47.757317573053385,0.986802872298614,0.9880374217964244,0.9898137202913124,1.6310586,46.006107901846434,0.9788554245210374,0.9788900676835306,0.9794272948524172,2.9233236,43.47203467441087,0.9649869965669684,0.9657840650942852,0.9667425120193772
DSC01228,JPEG,1,Low light,0.0767401999983121,83.97717,751746.0,32636401.0,97.7,6.436961,40.04399471236607,0.941561287034304,0.9441404680994214,0.9501389922495866,5.189601,40.97946399942112,0.9566462449594192,0.950106832102162,0.9458362965829386,8.785762,38.69300948236207,0.9195234155293566,0.9121748411075922,0.90807915104599
DSC01228,JPEG,2,Low light,0.0515754999978526,94.429756,1716752.0,32636401.0,94.74,2.4413748,44.254459177643135,0.9722130445433674,0.9744798074872516,0.9778037747720556,2.4320693,44.27104427475551,0.9716636872652332,0.9707068524432408,0.970834383410318,4.6288404,41.476081585173134,0.945456472119257,0.9451129784738352,0.94598983828439
DSC01228,JPEG,3,Low light,0.1148891000011644,96.358136,4717016.0,32636401.0,85.55,1.3447458,46.84440194784844,0.9832113436477145,0.9846858304780292,0.9867450033513328,1.5049938,46.35545631882477,0.9794175249644984,0.9796223225286552,0.98028365056045,2.9127913,43.48770987940882,0.9623729840018672,0.9633904449767924,0.9646615086055168
DSC01228,WEBP,1,Low light,6.689009100002295,94.608325,767116.0,32636401.0,97.65,3.3317728,42.90404978272412,0.96385877188149,0.9664303836775266,0.9710573123404712,2.7418568,43.75035575975056,0.9691373454099124,0.9659221251442128,0.9648858980709778,5.221072,40.953206781629206,0.9403419365792814,0.9369038316574898,0.9364197429402036
DSC01228,WEBP,2,Low light,3.2641393000012613,95.432341,1641338.0,32636401.0,94.97,2.2594004,44.59087164412996,0.9732216550254528,0.9754071693787292,0.9788020566156956,1.8828738,45.38259165604063,0.9762596430468132,0.9751447534555628,0.9752601252220908,3.6292713,42.5326093817969,0.9554834364732812,0.9548019235668316,0.9554334663982872
DSC01228,WEBP,3,Low light,10.744617200001812,96.421606,4578356.0,32636401.0,85.97,1.221825,47.26071363795537,0.9843476059788664,0.9856402394879464,0.9875203982442364,1.2596598,47.12827103564613,0.9829620711241918,0.982842027205866,0.983184225759815,2.4452615,44.2475505313014,0.9694381258734784,0.9697603241369822,0.9704500194499982
DSC01229,AVIF,1,Low light,0.8094363000018348,95.060057,757056.0,38028818.0,98.01,4.5108986,41.58817294681014,0.9363965101188522,0.9384162757902406,0.94200938971799,5.565124,40.67605523131992,0.9292626900836418,0.927396838626116,0.929056700394588,6.7051063,39.86674701494296,0.9143379950181312,0.9127298356011884,0.9140143107237012
DSC01229,AVIF,2,Low light,0.9208350999979302,96.199817,1789491.0,38028818.0,95.29,3.2658112,42.99089280843197,0.9538036598561233,0.9555704737487688,0.9583009901506668,4.5291977,41.5705909201033,0.9403657781655304,0.9405573745954366,0.9426978508543586,5.161874,41.00272987548834,0.9323423409614698,0.9327492159626756,0.9344692298066613
DSC01229,AVIF,3,Low light,1.2205947000002195,96.507711,4403978.0,38028818.0,88.42,1.7690308,45.6534495054078,0.9751925833427764,0.9762354572590782,0.977730432843444,3.5775337,42.59496633991872,0.9527849873648762,0.9535344846984244,0.9554445116282508,3.9103794,42.2086144044356,0.948625049384815,0.9494053501507193,0.950900879811866
DSC01229,HEIC,1,Low light,6.491365400001087,95.135069,660520.0,38028818.0,98.26,4.502445,41.59631921859409,0.9364676273664386,0.9386472746196258,0.9424477259659936,5.8732505,40.442018292138464,0.925581154579538,0.9227650735107052,0.9238944536206758,7.076885,39.63238203765285,0.9113319896163502,0.909062689028104,0.9098960905446114
DSC01229,HEIC,2,Low light,4.8105422999979055,95.713994,1619282.0,38028818.0,95.74,3.2243028,43.046445369308096,0.9549666428064298,0.9568414012559414,0.9597561836025522,5.0422006,41.104602535236026,0.9327741765986508,0.9323063898905716,0.9344164379617036,5.773554,40.51637138735445,0.925942571269841,0.9258627543810852,0.9274302801417158
DSC01229,HEIC,3,Low light,9.974874100000306,96.169048,4768499.0,38028818.0,87.46,1.5548584,46.2138950483356,0.9787129242319468,0.9797168053264688,0.9811747650434102,3.5847673,42.58619373169024,0.9514160706892684,0.952388461469715,0.9545086528065754,4.0242476,42.08395661866297,0.9486206264468152,0.9494815827698072,0.9510075047111964
DSC01229,JPEG,1,Low light,0.0437934000001405,91.402638,756655.0,38028818.0,98.01,6.0500135,40.31324027429168,0.9191740168197302,0.9207561789767896,0.9246218358207984,6.9800816,39.69219873872579,0.9189658047852554,0.91419207351096,0.914033909974933,8.377187,38.89982162160851,0.9017442581392984,0.8967855056562974,0.8961840684199941
DSC01229,JPEG,2,Low light,0.0559792999993078,95.093015,1748100.0,38028818.0,95.4,4.0918794,42.01157526225556,0.9427968543654394,0.9449279810574164,0.9482023426034224,5.214108,40.959003269964846,0.9305761465488038,0.9300343475731556,0.9323200204073416,6.404209,40.06614854203279,0.9182581137162374,0.917953274453929,0.9196768047847668
DSC01229,JPEG,3,Low light,0.1082778999989386,96.18935,4378001.0,38028818.0,88.49,2.518276,44.11977032571304,0.9649679763829296,0.9664495407594912,0.968512671998474,3.9099963,42.20904031468335,0.944721409146526,0.9459771661962396,0.9484561055683964,4.6841097,41.42453292675391,0.937475790785304,0.9388111544680752,0.9407970768205132
DSC01229,WEBP,1,Low light,6.624531199999183,95.74129,791620.0,38028818.0,97.92,4.868518,41.25683586884085,0.9308097146706622,0.9326876516150812,0.9364392441772524,5.4841857,40.73968202509555,0.9288447878126392,0.9259381318058072,0.9269270084532404,6.6586256,39.89695743823535,0.9154973410669488,0.912842743552298,0.9134401796674156
DSC01229,WEBP,2,Low light,6.24846289999914,96.059213,1816344.0,38028818.0,95.22,3.896397,42.22417150584465,0.9441485402836876,0.946068976536438,0.949283688943662,4.5027246,41.596049625605225,0.9389205242379798,0.9380245340555116,0.9397491161313952,5.2432942,40.93476132733101,0.931540388886694,0.93097890938236,0.9323093119955193
DSC01229,WEBP,3,Low light,28.735736499998893,96.310756,4698520.0,38028818.0,87.64,2.2182987,44.67060354815305,0.968528792450718,0.9697870698010992,0.971649596547298,3.2894788,42.95953292241335,0.9540173168107448,0.954462523709659,0.9562086256550948,3.9941697,42.1165385347484,0.9468902372144676,0.947412994881084,0.9488188924980752
DSC01234,AVIF,1,Low light,0.8188618000021961,81.362701,701490.0,47682178.0,98.53,33.57938,32.87007700448384,0.7451154599061249,0.7580164790494709,0.7766957635329336,20.879456,34.933612015790544,0.7826514531173985,0.778077453009722,0.7821596296243012,54.374607,30.77684235379145,0.6505762585406171,0.6572344247524,0.6715833076758766
DSC01234,AVIF,2,Low light,1.8932810000005704,87.209737,1773702.0,47682178.0,96.28,22.434917,34.62155891982735,0.8370938652839927,0.8469514632940561,0.8594197349765303,17.767662,35.63450086760524,0.8098150260715665,0.8109477074685316,0.8171994113760896,43.92538,31.703648306115927,0.7167640564501818,0.7291664035870011,0.7434709782549124
DSC01234,AVIF,3,Low light,1.5777286999982607,92.832101,4560188.0,47682178.0,90.44,9.330479,38.43176428510959,0.9321951562068934,0.9367018052660364,0.9421539005632804,13.6452875,36.78097660599927,0.851906971794996,0.8557998925151796,0.8616935036400557,33.42283,32.89037148303565,0.7920461069997806,0.804154555190202,0.8155210738075923
DSC01234,HEIC,1,Low light,2.7335419000010006,86.208506,882976.0,47682178.0,98.15,30.096073,33.34570514534429,0.7649257613220953,0.7773981622512353,0.7956825172314144,23.82626,34.36024476752132,0.7535408752749189,0.7429373692258184,0.7431595300680367,55.35699,30.69907905331424,0.6505685911902926,0.6573688228364607,0.6704719365118779
DSC01234,HEIC,2,Low light,4.226116400001047,88.453121,1550819.0,47682178.0,96.75,22.69733,34.571055665843026,0.8279832459934486,0.8383547929678834,0.8524642031013967,22.822323,34.54720509340473,0.7594285355716093,0.7518239271397285,0.7541082849563647,49.8523,31.153951911486697,0.6848190751475819,0.6947546590008506,0.7083087699522037
DSC01234,HEIC,3,Low light,7.736589800002548,92.450911,4600148.0,47682178.0,90.35,8.753193,38.70913859255009,0.936794141376272,0.9412170476330436,0.9467610829309082,17.192225,35.77748297249239,0.8140146175710273,0.8172276890225888,0.8236231674296545,35.472813,32.63184734514868,0.7909053297078186,0.802887668522365,0.8138422725949809
DSC01234,JPEG,1,Low light,0.0796711999973922,68.126373,754267.0,47682178.0,98.42,43.622887,31.733659467104538,0.6816647907660641,0.6934694322935501,0.7144507389291936,27.730938,33.70115807702814,0.7417814807717306,0.727066625478259,0.7233252547893947,70.87285,29.62600468089134,0.5814669525985797,0.5755865241855552,0.5843237610985311
DSC01234,JPEG,2,Low light,0.0940623999995295,83.381844,1746357.0,47682178.0,96.34,29.613811,33.415860301491136,0.7884050018410053,0.8007166425327189,0.8162514192896057,22.25658,34.65621931693663,0.7677205513608377,0.764706457419673,0.7699225010717771,56.338585,30.62274437372634,0.6569692371658418,0.6693771185783521,0.6857569020435059
DSC01234,JPEG,3,Low light,0.1117215000012947,91.881534,4595765.0,47682178.0,90.36,16.279312,36.01444322294012,0.8874559819095794,0.8948309871433402,0.9033164428396286,16.635727,35.92038572401572,0.8184995472668091,0.8239266724981259,0.8313139837683161,41.029163,31.99987689183392,0.7499956817776035,0.7660050679416752,0.7800862393804887
DSC01234,WEBP,1,Low light,5.38349290000042,88.71403,754706.0,47682178.0,98.42,36.15384,32.54925946802757,0.7078083754558534,0.720800922038242,0.7418715622787228,23.820087,34.361370129174624,0.7526536934687019,0.7408686423949822,0.7410640549071216,62.164642,30.19536904853324,0.6083407702752276,0.605705484720984,0.6172871219654953
DSC01234,WEBP,2,Low light,11.232925100001012,89.194157,1738106.0,47682178.0,96.35,25.887125,33.9999654614622,0.8005645627906359,0.812850164330945,0.8288219569579843,21.768568,34.75250485957698,0.7661407988262842,0.7591505633674637,0.7625603741194371,49.580517,31.17769305494452,0.6830054637088105,0.6906847365480767,0.704981876479207
DSC01234,WEBP,3,Low light,10.359328599999571,91.737836,4418714.0,47682178.0,90.73,11.583625,37.49235880231593,0.9194880795108956,0.92508148114856,0.9315446396031218,16.068708,36.07099379663525,0.8253981424246283,0.8269351032770688,0.8326836008685063,34.52906,32.74895589700046,0.7885906411519352,0.7995421983012923,0.810738123620058
DSC01254,AVIF,1,Various,1.0657680000003893,92.716462,751688.0,28992860.0,97.41,3.9564967,42.15769553583772,0.9806583147025724,0.9838340457258808,0.9874731388049304,3.8921337,42.2289263390302,0.963256817363372,0.9622435727749552,0.9633070182117952,5.06922,41.08139212962848,0.9543910023161508,0.9537515514645272,0.9555834289121804
DSC01254,AVIF,2,Various,1.005352899999707,96.37286,1761491.0,28992860.0,93.92,1.6655632,45.915192385140045,0.9886884666599473,0.9898821405726927,0.9913371517951688,2.4578032,44.22533255347641,0.9758802585307136,0.9761365890287078,0.9771356124296346,3.1011932,43.21551546666113,0.9708426210894456,0.971311828533238,0.9726555866960254
DSC01254,AVIF,3,Various,1.405917899999622,97.282909,4656753.0,28992860.0,83.94,0.88342106,48.66912618090428,0.9917494753513016,0.9922775081854311,0.9930300932152673,2.0057244,45.10809085920072,0.980072775225319,0.9804090165847974,0.9812548480540998,2.5198293,44.11709254186357,0.9762212157347736,0.976757618654494,0.977849372239312
DSC01254,HEIC,1,Various,3.1351379999978235,93.404236,746373.0,28992860.0,97.43,3.6808076,42.471372658016136,0.9814917669267408,0.9845265378206688,0.9880949604534882,4.8135824,41.30611962109931,0.9552683038410574,0.9532669445086004,0.954143627802451,5.8822975,40.435333874696006,0.948597777266479,0.947157328063316,0.9487180649061198
DSC01254,HEIC,2,Various,4.014414699999179,96.135191,1727879.0,28992860.0,94.04,1.6736434,45.894174408664085,0.9891635004332564,0.9905109533028518,0.992083562563582,2.9820852,43.38560292272879,0.9699507543415224,0.9703210204918526,0.9716913136091252,3.6647284,42.49038573770107,0.9659041525599672,0.9665516657728632,0.9682431619096632
DSC01254,HEIC,3,Various,5.831351999997423,96.806174,4670663.0,28992860.0,83.89,0.9586505,48.31420066325869,0.9922231758574808,0.993005130845572,0.9939979046889944,2.3119013,44.49111078716851,0.9759766436622976,0.9767240052036203,0.9779754989557105,2.8175626,43.63206806349985,0.9735531583802066,0.97453081808089,0.9759628464045768
DSC01254,JPEG,1,Various,0.0792742000012367,71.478698,755781.0,28992860.0,97.39,21.200378,34.86736765017306,0.926661701490854,0.934849450768788,0.9451140640493828,13.525226,36.81935833769661,0.925652699996532,0.9144949921177716,0.906938458608858,15.582522,36.20442591575735,0.914551045115234,0.9046152914045392,0.8995061903754858
DSC01254,JPEG,2,Various,0.0552471000009973,94.498124,1725257.0,28992860.0,94.05,3.2400444,43.02529410065742,0.9823580815426364,0.984830084495528,0.9875536559994138,3.986543,42.12483915941729,0.9609519734845968,0.9612696947390832,0.9631516072129666,5.170271,40.995670455062914,0.953521488555282,0.9542442846478396,0.9565878370400656
DSC01254,JPEG,3,Various,0.1129351999989012,96.756677,4666530.0,28992860.0,83.9,1.1788867,47.41608295205332,0.9906107357535976,0.9914952687525254,0.992568089025428,1.9403521,45.2519984112739,0.978626998791126,0.979311613550686,0.9804329005606494,2.4775949,44.19050067621368,0.9744760175170262,0.9753967563885586,0.976825640184383
DSC01254,WEBP,1,Various,5.843108400000347,91.945068,752856.0,28992860.0,97.4,6.004143,40.346293181706805,0.970910749286824,0.9759031812226894,0.9820979200747252,5.044799,41.10236498599541,0.9530526617272522,0.9494679415371676,0.9496999687492516,6.16938,40.228388403709246,0.9458358185742805,0.9428504852146672,0.9438503342277784
DSC01254,WEBP,2,Various,5.408704899997247,95.393045,1780970.0,28992860.0,93.86,2.312718,44.4895769794568,0.9860239868406588,0.9880360076888676,0.990393394020796,2.5959368,43.98786261460502,0.9726290485993658,0.9723617475233268,0.9734895834067684,3.2835848,42.96732101140307,0.9678787889272076,0.9677709389641524,0.9691686452615782
DSC01254,WEBP,3,Various,10.808608300001652,96.842658,4611980.0,28992860.0,84.09,0.89242107,48.62510540973231,0.9919807361910952,0.9926767988479412,0.993587203012886,1.7171607,45.78269411676372,0.9814200841037212,0.9817241941350394,0.982517960178386,2.263242,44.58349354546472,0.977648251051376,0.9780496421221728,0.9789970863336004
DSC01255,AVIF,1,Various,1.3972670000002836,91.238078,778444.0,30449966.0,97.44,5.3291464,40.86422713442556,0.9753940935666892,0.9800798141937944,0.9853786615820204,6.3442416,40.10700652194774,0.946225779134941,0.9454635057207286,0.9478165052906375,8.548412,38.811949057495895,0.9328978553913694,0.9321588847753828,0.9346262240743431
DSC01255,AVIF,2,Various,1.7829146000003675,95.840258,1758643.0,30449966.0,94.22,2.0771677,44.95608776672705,0.9873236803986152,0.989210874825514,0.9913248502187224,3.724356,42.42029178871473,0.966794098114645,0.9677358649351776,0.9696212934886764,5.092434,41.061549605226816,0.9587197446139036,0.959587291017206,0.9613491341682004
DSC01255,AVIF,3,Various,3.0807041999978537,97.372685,4498318.0,30449966.0,85.23,0.960625,48.30526468947342,0.9919979997262384,0.9927931499596124,0.9937844180855784,2.8346057,43.60587719210693,0.9747974265122858,0.9756993741185852,0.9770667014564016,3.972482,42.1401841768914,0.968554088533334,0.9693703623891176,0.9705672551361766
DSC01255,HEIC,1,Various,1.9694543999976304,91.714768,734900.0,30449966.0,97.59,5.3133626,40.87710899383698,0.9753774341755824,0.9801764214322848,0.9856314115972176,7.920933,39.14304049927719,0.9346986661160654,0.9327006830068147,0.9348253225803344,9.684688,38.2699472850318,0.9262480030436284,0.924364610922058,0.9262078485850604
DSC01255,HEIC,2,Various,6.7519771000006585,95.858205,1792395.0,30449966.0,94.11,2.0196738,45.0779912604909,0.9880440533745022,0.989997033089914,0.9921602199822948,4.5281034,41.57164038519159,0.9598285709344428,0.9612181908927108,0.9636331795369129,5.660159,40.6025173663037,0.9550396842154292,0.9562678419160116,0.9583631764093632
DSC01255,HEIC,3,Various,3.689191400000709,96.817108,4883657.0,30449966.0,83.96,1.0214542,48.03861464386367,0.9923474389890174,0.9933639071727433,0.9945569834973096,3.4192843,42.79145128749895,0.969403815444514,0.97098971444622,0.9728754902944496,4.3210883,41.77487209533649,0.966541868837529,0.9679653011359536,0.9694954726567944
DSC01255,JPEG,1,Various,0.3751612000014575,68.886279,771057.0,30449966.0,97.47,25.859745,34.00456109636145,0.9099419011312456,0.9210884993760464,0.9358734783721075,20.16982,35.08378326020591,0.8930276080670527,0.8801021816139144,0.8736686622784582,23.001408,34.51325958512736,0.8807876860024095,0.8684245142771979,0.862027820268347
DSC01255,JPEG,2,Various,0.050548000002891,93.216591,1719228.0,30449966.0,94.35,4.475008,41.62286542283823,0.9774307964986422,0.9813697524566616,0.985602905672756,6.0735526,40.296375783787546,0.9469006640361384,0.9480765178832178,0.9513014283665556,7.9244447,39.14111510613159,0.9371444824360776,0.9383612713151714,0.9413766725281604
DSC01255,JPEG,3,Various,0.1088087999996787,96.569379,4548410.0,30449966.0,85.06,1.4151685,46.62272187485449,0.9901963627497778,0.9915202007708382,0.9929769647108604,2.4324393,44.27038338010418,0.9755252225464236,0.9769818519374694,0.978768963055813,3.1449652,43.15464513269532,0.9700232792689056,0.9716869094180486,0.9736824574539984
DSC01255,WEBP,1,Various,5.759909899999911,90.186754,752626.0,30449966.0,97.53,8.424994,38.87510736432595,0.9613187721358464,0.9684777882133918,0.9773925321312142,8.770253,38.7006822689937,0.9285101034548376,0.9229824614549086,0.9236549407439936,10.721698,37.82816784333424,0.9187656957080372,0.9137541640503392,0.9143431249485764
DSC01255,WEBP,2,Various,4.889192200000252,94.615554,1669940.0,30449966.0,94.52,3.2927456,42.955221735854046,0.9823596845321264,0.9854892880410692,0.9889544657765392,4.5531235,41.5477094360766,0.957861990666368,0.9577331856689002,0.9598819745849754,5.9888105,40.35739798730979,0.9499691798816056,0.9497210605674102,0.9515929759991896
DSC01255,WEBP,3,Various,7.299169800000527,96.589284,4430008.0,30449966.0,85.45,1.120091,47.63827063905072,0.9914321528725748,0.9925307936740196,0.9938226254741566,2.591376,43.99549916120644,0.975472983170706,0.9762785336287152,0.9776436018689612,3.7043436,42.44369087381253,0.9696883917367114,0.9703483817848496,0.9714739347057316
DSC01256,AVIF,1,Various,0.922304100000474,91.795107,746161.0,30080023.0,97.52,5.1133914,41.04371330964888,0.975265254201186,0.979264667024773,0.9838361827003136,4.5735383,41.52828039614619,0.9596125522811,0.9584502040256854,0.9597974536335392,7.1610913,39.58101168730074,0.943408887303232,0.9429895001086628,0.9452979857395548
DSC01256,AVIF,2,Various,0.918831400002091,95.988471,1726580.0,30080023.0,94.26,2.1115763,44.88473570162525,0.985692849592701,0.9873683300111106,0.9893543473560242,2.813669,43.63807359641042,0.9735273975530534,0.9738345431977702,0.975047253943667,4.323042,41.77290922469147,0.96419526084856,0.9650275967533584,0.9666464256096764
DSC01256,AVIF,3,Various,1.6922725999975228,97.387975,4392753.0,30080023.0,85.4,0.97295636,48.24986996312628,0.9909696582143688,0.9916639974472996,0.9925973967311152,2.1792698,44.74769368481043,0.9794311570941678,0.979846500913496,0.9807707631566118,3.4097698,42.80355318929426,0.9722470691907912,0.9730744923872862,0.974246981092134
DSC01256,HEIC,1,Various,2.9084317999986524,92.632565,742694.0,30080023.0,97.53,4.65176,41.45463058709099,0.976353129797691,0.9802407005563136,0.9847184571635136,5.3501425,40.84715009677105,0.9531878525472304,0.950988160574524,0.9519895124100088,8.061037,39.06689449468082,0.9376867947517455,0.9367208519013877,0.9388034689420304
DSC01256,HEIC,2,Various,3.6809544999996433,95.972707,1718333.0,30080023.0,94.29,2.027095,45.06206251782716,0.9866262042053882,0.9884151423824876,0.9904492574674084,3.2855895,42.96467053048346,0.9683963080944364,0.9688475226583292,0.9704403308890652,5.0867753,41.06637798784942,0.9588730683237344,0.9601064710824913,0.962131968331314
DSC01256,HEIC,3,Various,5.521455899997818,96.790259,4251965.0,30080023.0,85.86,1.07868,47.80187708927394,0.9912492765232924,0.9922120390258952,0.993380647712278,2.463722,44.21488661345117,0.9757065192496226,0.9765529885954,0.9778915862534494,3.9682183,42.14484804688024,0.9684900847277824,0.9699535134703277,0.9715374031572812
DSC01256,JPEG,1,Various,0.0441670000000158,69.684074,745726.0,30080023.0,97.52,22.20063,34.66715063895733,0.9154787835687724,0.9223272806410252,0.9316147968862964,14.980386,36.3755734822696,0.9210819514544124,0.908758068203825,0.899583519166277,20.092987,35.100358712112026,0.8966712676304206,0.8861397341702214,0.8801892139465547
DSC01256,JPEG,2,Various,0.0700327000013203,94.007469,1736535.0,30080023.0,94.23,4.0488954,42.05743797997911,0.9781804123531288,0.981262692880436,0.9846347078897504,4.3080435,41.78800271383107,0.9601642719003992,0.9603305916432612,0.9618984191742332,6.8047867,39.80265844299901,0.9457159043653344,0.9470384624692626,0.9495638840513104
DSC01256,JPEG,3,Various,0.063894099999743,96.569425,4522602.0,30080023.0,84.96,1.4578482,46.49368063990728,0.988863202351886,0.990108273372831,0.9915370999773382,2.0754652,44.95964916232107,0.9779624909154492,0.9788246216035308,0.980093644178518,3.1865952,43.09753476113016,0.9708354120205928,0.9722306010276806,0.9738612390299828
DSC01256,WEBP,1,Various,5.256989699999394,91.318828,750134.0,30080023.0,97.51,7.1446676,39.59098341267463,0.9644416733966718,0.9700354651204112,0.9770626529367724,5.78527,40.50756727017941,0.9502514790518164,0.94572824904646,0.9456330231954352,8.677356,38.74692946548301,0.9326918154126936,0.9290558033198224,0.9302367326300436
DSC01256,WEBP,2,Various,8.071707400002197,95.199488,1685664.0,30080023.0,94.4,2.7891607,43.67606823100026,0.9823346013736368,0.98475097116498,0.987601540467356,3.0934951,43.226309361328354,0.969070997706358,0.968607262051266,0.9699444878958402,4.703907,41.40621637178128,0.9590473226251376,0.9591376701777174,0.9609481710027205
DSC01256,WEBP,3,Various,11.590915199998562,96.712815,4677602.0,30080023.0,84.45,1.044514,47.941661168145664,0.9904244899837716,0.9913470017832644,0.9925245825287722,1.7547742,45.68859132864647,0.9817720694895944,0.982149564481707,0.9829864575151558,2.9355726,43.453875164941216,0.9750193158251425,0.9757177388497298,0.9767272366731228
DSC01263,AVIF,1,Buildings,1.2284213999992062,93.744887,749830.0,30483015.0,97.54,2.606316,43.97053279012542,0.9752765551003174,0.977616455303519,0.9812391769492556,2.2726865,44.56540834455152,0.976040160505696,0.9743651938915684,0.9736199247867444,2.976226,43.39414443642066,0.9662520708143704,0.9643009751536168,0.9635896512356468
DSC01263,AVIF,2,Buildings,1.2476622999965912,96.05469,1684797.0,30483015.0,94.47,1.6233889,46.02657794904597,0.9826788662330742,0.984263470990264,0.9866569245270472,1.7134787,45.79201632627832,0.9803315695325612,0.9796060189964796,0.9794506036288592,2.2103307,44.686230911614345,0.9730191894719196,0.9724144288961812,0.972443358183445
DSC01263,AVIF,3,Buildings,1.493285399999877,97.201075,4117022.0,30483015.0,86.49,0.95833755,48.31561853335511,0.9888601353027832,0.9898509628369614,0.9913182573481452,1.4557735,46.49986556755224,0.9827493262070648,0.9823999986449978,0.982414988473681,1.8493724,45.46056007312803,0.9772240739270348,0.977046026459582,0.9772195391354928
DSC01263,HEIC,1,Buildings,2.945278299997881,94.3594,792460.0,30483015.0,97.4,2.3512125,44.41788477080486,0.9776790908597414,0.9799972648872636,0.983363975455301,2.3799798,44.36507085009236,0.9738233821906722,0.971728286306332,0.9705994708172428,3.1239977,43.18369650509336,0.9644699136340936,0.9620497002074422,0.960903747758232
DSC01263,HEIC,2,Buildings,3.815985199998977,95.809958,1723970.0,30483015.0,94.34,1.484932,46.41373821705361,0.9846056072177328,0.9861804699925808,0.98844230314014,1.8418217,45.47832804151622,0.9775977658312432,0.9766467593949332,0.976357236740922,2.4060926,44.31768025250936,0.9702431122100624,0.9693607025010362,0.9692454062251468
DSC01263,HEIC,3,Buildings,12.036701000000903,96.623526,4803004.0,30483015.0,84.24,0.8838521,48.667007560424985,0.9901606177622893,0.9911819067883932,0.9926424346042444,1.425586,46.59086926182796,0.981474475397036,0.9813459324730568,0.9815124926033983,1.7944957,45.59137956944088,0.97702022149326,0.9770422772963422,0.9773306455921422
DSC01263,JPEG,1,Buildings,0.2884855000011157,78.912936,754138.0,30483015.0,97.53,9.456884,38.37332290526329,0.9311909528510344,0.935123809538572,0.9437320030445892,6.5761194,39.95110688120957,0.9598291636512144,0.9524293375875182,0.9456586456805652,6.0815434,40.29066566012424,0.9501425719370116,0.9429097820041088,0.9371998081318887
DSC01263,JPEG,2,Buildings,0.0874180999999225,94.153263,1729145.0,30483015.0,94.33,2.4129345,44.30534816947476,0.9767929421603456,0.9790997297612848,0.9822913461592324,2.1963356,44.71381683043607,0.9740017608981848,0.972731319045211,0.9723401156763644,3.022563,43.32704998938631,0.9645813320043368,0.9631951677018004,0.9627839002032462
DSC01263,JPEG,3,Buildings,0.1673960000007355,96.368985,4553249.0,30483015.0,85.06,1.1694953,47.45081870290092,0.9869126937284094,0.9882349178594968,0.9900400745689304,1.4000527,46.66935972049872,0.9805706085072448,0.9804724210731184,0.9807486243365272,1.8502423,45.45851769518027,0.974678916843511,0.9747897280079848,0.975251186466141
DSC01263,WEBP,1,Buildings,4.205960700001015,94.028199,752306.0,30483015.0,97.53,3.4565682,42.74435240613425,0.967729522808155,0.9706830875244078,0.9756102990134836,2.3483295,44.42321332186573,0.9732020720171052,0.9704908309860396,0.9692448635329536,3.1653705,43.12655814422148,0.963486862666486,0.9604245685561672,0.959087325110484
DSC01263,WEBP,2,Buildings,4.840498400000797,95.554485,1689208.0,30483015.0,94.46,1.9589118,45.21065466980768,0.9793927902755254,0.9814261142737808,0.9844601145972228,1.6762484,45.88741996178291,0.978753719394761,0.977680183818302,0.977502336932637,2.328759,44.459558185104896,0.9706822047309488,0.9695107257205302,0.9693187109058132
DSC01263,WEBP,3,Buildings,12.684424600000057,96.518703,4508936.0,30483015.0,85.21,0.961863,48.29967173471595,0.9888327522211192,0.989926001291781,0.9914554860528302,1.1228707,47.627506061468345,0.9848185674155387,0.9845836198809088,0.9846842888904096,1.5867624,46.12568435277381,0.9791693421905754,0.9789891436432052,0.9791345727978312
DSC01497,AVIF,1,Buildings,1.0045471000012185,91.443022,762170.0,34135605.0,97.77,5.827654,40.47586623144348,0.9648631055798654,0.9696772093147412,0.975164529809439,4.4811306,41.61692753415578,0.9564333259455248,0.9539036953401736,0.9535211627607292,7.582765,39.33252774567687,0.9340400315741694,0.9322668635327644,0.9333568715875884
DSC01497,AVIF,2,Buildings,1.426992099997733,95.818878,1742843.0,34135605.0,94.89,2.667155,43.87032100842792,0.9787098734383796,0.9810168998600528,0.9836059298079666,3.1446812,43.155037315113525,0.9681588526786996,0.9678243023720136,0.9684027448332952,5.017057,41.126313443423015,0.9532296525127836,0.9537257788289264,0.9551728051923364
DSC01497,AVIF,3,Buildings,1.4005991999983962,97.205891,4328963.0,34135605.0,87.32,1.2369212,47.20738331994332,0.987956306378119,0.9890947916577078,0.9903630223140676,2.4219856,44.28908811347206,0.975155892829468,0.975320601844328,0.9758934904887387,3.880523,42.24190094034067,0.9640449222568448,0.9649226797157252,0.9661055861748736
DSC01497,HEIC,1,Buildings,2.9795167000011133,92.875639,774480.0,34135605.0,97.73,5.077578,41.07423764106493,0.9678419601203496,0.9723144164314342,0.9773486380296658,5.1579156,41.00606134702525,0.9504955578719616,0.9463924188615612,0.9448767809005604,8.743458,38.71397154181295,0.924721457350136,0.9219123393060538,0.922513335354697
DSC01497,HEIC,2,Buildings,3.878316500002256,95.778067,1852095.0,34135605.0,94.57,2.476089,44.19314102084398,0.981223312265608,0.9836068972492008,0.986171261829419,3.4680452,42.72995617150856,0.962650491936358,0.9619763764281682,0.9625316888260808,5.83601,40.46964334124232,0.946197144871138,0.9470993821311396,0.9489325790605606
DSC01497,HEIC,3,Buildings,8.384723700000905,96.750611,4689165.0,34135605.0,86.26,1.2369744,47.20719679231048,0.9893669143152578,0.9906833682931414,0.9921184886502248,2.4769704,44.19159552197394,0.9718856309352274,0.972271872373982,0.973053700947792,4.3171787,41.77880334303683,0.961022122683117,0.962559401313402,0.9641122928925264
DSC01497,JPEG,1,Buildings,0.0808468999966862,73.313536,766455.0,34135605.0,97.75,21.080046,34.892088018678194,0.905533758878119,0.9149674869050608,0.9291901206309092,11.989798,37.34268500902273,0.9291695898802856,0.9172193865153052,0.9075996789205996,17.552845,35.68732833353563,0.890708504280043,0.8779856198315866,0.8706561934475457
DSC01497,JPEG,2,Buildings,0.0500382999998691,93.475183,1719356.0,34135605.0,94.96,4.8506126,41.27283776288289,0.9685620738506686,0.9726403472278472,0.9768856458270604,4.3708854,41.72510944225486,0.9551455510382284,0.9538441160245396,0.9540852239919037,7.338266,39.474869006342736,0.9329356529435944,0.933086607771482,0.9350182278215702
DSC01497,JPEG,3,Buildings,0.0781537000002572,96.457201,4580638.0,34135605.0,86.58,1.8344253,45.4958029886193,0.9845728921433562,0.986322286150393,0.9880910976631871,2.3956687,44.3365359660876,0.9715020055207378,0.9721212523799976,0.9730730131860504,3.7166948,42.42923449621867,0.9601438749709336,0.9618391272085308,0.9637229288100018
DSC01497,WEBP,1,Buildings,4.561616999999387,92.031592,754446.0,34135605.0,97.79,7.624615,39.308624094512574,0.9539866565565756,0.959909529991824,0.967717138227292,5.446184,40.769880225418646,0.9480717152984282,0.9418885766217872,0.9390601606067902,9.202045,38.49195990731664,0.9208810161702776,0.914772021249789,0.9138519520534945
DSC01497,WEBP,2,Buildings,5.088207199998578,95.131204,1724474.0,34135605.0,94.95,3.393788,42.82395637555357,0.9743954007368564,0.9775034616283488,0.9810235536836928,3.2444708,43.01936486920325,0.96438467342627,0.9628862073252782,0.962996557249498,5.2889113,40.89714079440131,0.9487922284388136,0.9481443809901292,0.9493203129677136
DSC01497,WEBP,3,Buildings,11.98013279999941,96.49461,4752936.0,34135605.0,86.08,1.4083139,46.64380891515692,0.9864562642461124,0.9878815117533182,0.9894157366163964,1.8950987,45.35448554778949,0.9777807568477532,0.977869121068766,0.9783648438156456,3.1988564,43.08085638864146,0.9698064607059071,0.970558673701202,0.9715205249727086
DSC01498,AVIF,1,Buildings,1.140756799999508,91.463253,769931.0,33601792.0,97.71,5.0029006,41.13858488250592,0.9662403070038552,0.9706021732582996,0.9760126290988986,4.1802106,41.9188220297671,0.9583900029665188,0.955855134035724,0.9555372424836855,6.752191,39.83635623735435,0.938381740626519,0.9365440786370732,0.9377336754263748
DSC01498,AVIF,2,Buildings,1.1440380000021833,95.78826,1710003.0,33601792.0,94.91,2.4028327,44.32356817983632,0.979403552147337,0.9817818743970368,0.9846100281939512,2.8565009,43.57246005852974,0.9698780962358788,0.9695490106103252,0.970144439510556,4.342928,41.75297749226462,0.9571650403926524,0.9577288238880264,0.959288307411705
DSC01498,AVIF,3,Buildings,1.45704680000199,97.473161,4591673.0,33601792.0,86.34,1.0940717,47.7403456032008,0.9889274269712754,0.9901485744968472,0.9915776966021776,2.0904236,44.92846076492395,0.97739002183455,0.977624133339318,0.9782446934994872,3.1575325,43.13732553050029,0.9688935463040408,0.96985289561882,0.9711066313023958
DSC01498,HEIC,1,Buildings,1.7416475000027276,92.85764,775717.0,33601792.0,97.69,4.467244,41.63040677481004,0.9687394964167078,0.9729413568793028,0.9780048711182936,5.0174003,41.12601598123607,0.950464111616494,0.9460853073355064,0.9446352847398398,8.18901,38.998489717295634,0.9259945498728824,0.9231086447544627,0.9239289369303082
DSC01498,HEIC,2,Buildings,4.868636200000765,95.776777,1788658.0,33601792.0,94.68,2.2413237,44.625757683636,0.9816767186289216,0.9840907250403256,0.9868454361854934,3.2729454,42.98141599297901,0.9637410428121422,0.9631443313930752,0.9637843653818624,5.2361927,40.94064736027666,0.9487644604191192,0.9498941533645024,0.9518791470901952
DSC01498,HEIC,3,Buildings,5.80126989999917,96.744974,4316252.0,33601792.0,87.15,1.1994432,47.3410065557567,0.9891627256448566,0.9906021633182328,0.9922530124680042,2.3035433,44.50683985103444,0.9731587160071364,0.9736442512929656,0.9744926202432174,3.7683184,42.36932758671239,0.963334555222408,0.9650679772202346,0.966721084051019
DSC01498,JPEG,1,Buildings,0.0804177999998501,71.849006,749539.0,33601792.0,97.77,19.441875,35.2434220090801,0.9003315335295158,0.9083939922669496,0.9229350102848844,11.356012,37.57854491581517,0.9261374639417012,0.9126356114950646,0.9021168820180436,17.322292,35.744750052774975,0.8867140820894484,0.8723682600979374,0.864285904662923
DSC01498,JPEG,2,Buildings,0.0886352000015904,93.224045,1731230.0,33601792.0,94.85,4.2522073,41.8446592567837,0.969224679357474,0.9732026605146952,0.9776373239953318,4.15222,41.948000178790046,0.9563200784624172,0.9548486104966988,0.9550374461464014,6.6963706,39.87240893774431,0.9357957483540894,0.9358073736226106,0.9377408022319146
DSC01498,JPEG,3,Buildings,0.1104310999980953,96.422319,4576936.0,33601792.0,86.38,1.6151049,46.04879627650049,0.9854079080882352,0.9871953949782604,0.9891168832773852,2.162487,44.78126855456219,0.9733991573571676,0.974057535808622,0.9750474209758488,3.2556672,43.00440371641799,0.963392587440538,0.9651116128567688,0.9670072061884872
DSC01498,WEBP,1,Buildings,8.399849699999322,92.583933,761838.0,33601792.0,97.73,6.898187,39.743453877542734,0.9541871386909296,0.9594106919759094,0.9672156561936656,5.5792785,40.66502307111237,0.946433310393516,0.9390251593824428,0.9358893863315916,9.184866,38.50007528439599,0.9190604269206768,0.9115837730177958,0.9105149539886218
DSC01498,WEBP,2,Buildings,5.394643200001156,95.146669,1725964.0,33601792.0,94.86,3.1559603,43.139488240930206,0.9747613643896575,0.9779018878763388,0.9816891866008683,3.158686,43.13573905036891,0.9647009835108876,0.9629634052633675,0.9630646989931284,4.871364,41.254297651521696,0.9506771600037086,0.949881103592854,0.9511896287594168
DSC01498,WEBP,3,Buildings,8.128943699997762,96.379418,4531064.0,33601792.0,86.52,1.4166564,46.618158271237135,0.9864720085394066,0.988111931164512,0.9899359292236166,1.789428,45.60366155971775,0.9784993758800004,0.9786053859044428,0.9791682218594622,2.7720842,43.70273950452949,0.9718152743521704,0.9725980992628908,0.973695437804558
DSC01501,AVIF,1,Buildings,0.9818935000002966,91.254962,754514.0,32885161.0,97.71,5.7350993,40.54539407764027,0.9681662423093048,0.9731029534488472,0.9787037538950402,5.153347,41.009909600252186,0.9548117993408642,0.9526270461840184,0.9526354328098025,7.7665577,39.22851812916082,0.936746969355244,0.9344424226973528,0.9346034536627658
DSC01501,AVIF,2,Buildings,1.1711364000002504,95.677606,1700496.0,32885161.0,94.83,2.5860982,44.00435346321772,0.9811609227826552,0.9838485161541144,0.9868105952701866,3.44552,42.75825613670652,0.9681371708386038,0.9680593359786198,0.9688210148895012,5.186194,40.98231614306012,0.955923808768586,0.9561317435938624,0.9570229189007656
DSC01501,AVIF,3,Buildings,1.7323547000014514,97.334248,4565299.0,32885161.0,86.12,1.1091828,47.68077212867719,0.9896776169166918,0.9909710777674432,0.992435353858378,2.5693266,44.03261043343367,0.9761216351497768,0.9765374574356496,0.9772919849301812,3.971849,42.14087643456321,0.967306398400863,0.967989829162044,0.9687445844737872
DSC01501,HEIC,1,Buildings,2.646402300000773,92.695212,759636.0,32885161.0,97.69,4.9362535,41.196828888536736,0.970620865870319,0.9752571340629356,0.9804630384465072,5.674247,40.59172145637928,0.9509672675987232,0.947833056352533,0.9469117203310384,8.563529,38.80427587106881,0.9315104160814044,0.9283028788153972,0.9276434620236994
DSC01501,HEIC,2,Buildings,2.2972236999994493,95.72765,1675775.0,32885161.0,94.9,2.4214673,44.290017511478624,0.9826301369270496,0.9853194446405312,0.9882236268404034,3.8553758,42.27013655052303,0.9636476495844948,0.9633406392780116,0.9640322571630706,5.942128,40.39138337057967,0.950472019574562,0.9507399023451482,0.9516723285089792
DSC01501,HEIC,3,Buildings,3.5478534000030777,96.797614,4707056.0,32885161.0,85.69,1.1294855,47.6019970664484,0.9903143998797254,0.9917334198580112,0.9933066251857168,2.7812467,43.6884084250872,0.9732466018992536,0.9739498075886932,0.9748643492381328,4.4401207,41.6568558227231,0.9645019354331408,0.9656619768106456,0.9665633474110048
DSC01501,JPEG,1,Buildings,0.0818528000017977,70.045945,757606.0,32885161.0,97.7,23.553848,34.410184778447174,0.8983295059495517,0.9077357013121052,0.9225204481806456,15.847842,36.13110199726623,0.917061532360938,0.9028189835873488,0.8911946793573773,19.835293,35.15641746449748,0.8896189460634165,0.8739667763493286,0.8634980908132973
DSC01501,JPEG,2,Buildings,0.0908140999999886,93.114817,1719355.0,32885161.0,94.77,4.9102736,41.2197465750415,0.970719025391918,0.975331593528486,0.9801106363591828,5.1986885,40.97186550174215,0.9532099052387976,0.9522887231512848,0.95283642253121,7.918978,39.14411237592864,0.9345071367424416,0.9340703870763448,0.9350150555836116
DSC01501,JPEG,3,Buildings,0.0670236999976623,96.407472,4499693.0,32885161.0,86.32,1.7809845,45.62420196695748,0.9862728339064054,0.9882992016930748,0.9903769899031232,2.5926414,43.99337915090498,0.9727016690293998,0.9735297766539036,0.974652600631404,3.9402044,42.17561614702052,0.9627998992750448,0.9641780715461056,0.965602356738525
DSC01501,WEBP,1,Buildings,4.796999499998492,91.518421,762206.0,32885161.0,97.68,7.98423,39.10847321030951,0.9556044315217648,0.9616065106261744,0.9695209577712368,6.184277,40.21791408537087,0.9465117774586648,0.9406575934041674,0.9388754321025296,9.17258,38.50588865108895,0.9253397637142876,0.918441666901965,0.9167346116875807
DSC01501,WEBP,2,Buildings,8.30315100000007,95.184112,1769826.0,32885161.0,94.62,3.2706418,42.984473982812936,0.976871857908603,0.9803037759812592,0.9841434757487912,3.548077,42.63087306914798,0.9651816987771716,0.9639719528384612,0.9643307200386224,5.4903674,40.73478954274229,0.9515206953914804,0.9504920985419316,0.9510296380567728
DSC01501,WEBP,3,Buildings,9.87329420000242,96.473338,4432336.0,32885161.0,86.52,1.377717,46.7392032506192,0.987855120552748,0.9895281230559868,0.9913423077723454,2.2103837,44.68612711123279,0.9779543502721784,0.9782645803785605,0.9789728787723028,3.5471792,42.63197216533547,0.970146239159306,0.9706862332846468,0.9713252144510688
DSC01506,AVIF,1,Buildings,1.2696245000006456,89.262591,733328.0,32216685.0,97.72,6.7673984,39.82658640101469,0.9614157284167288,0.967559530027826,0.9751174389993252,5.7025437,40.57011722784181,0.9472655668875458,0.9441461047464568,0.9441812152780404,8.881776,38.64580544728325,0.9280316762457403,0.9256094756926228,0.9267075054165718
DSC01506,AVIF,2,Buildings,1.7893844999998691,95.11078,1725601.0,32216685.0,94.64,2.799084,43.66064436072188,0.98053057262316,0.9835953188311756,0.9871865422865864,3.5373135,42.64406835665451,0.9639596906779828,0.9637505277803364,0.9648742151616808,5.483633,40.74011982501747,0.9527046971530144,0.9532145348930724,0.9548663164721156
DSC01506,AVIF,3,Buildings,4.6790643999993335,97.321736,4728076.0,32216685.0,85.32,1.0900334,47.75640536782363,0.9906365976058292,0.9919166967245728,0.993471607017238,2.4524696,44.23476723567674,0.9748088983717944,0.975252948996208,0.9762398404951648,3.9804802,42.13144893957114,0.9668208889036528,0.9677411004690722,0.96897359260689
DSC01506,HEIC,1,Buildings,1.6822783999996318,91.261505,748495.0,32216685.0,97.68,5.81464,40.485575284719445,0.9652240418574832,0.9709441933797194,0.9778681122862122,6.254024,40.169208117189584,0.9429358786773212,0.9384384074891792,0.9373823039493372,9.541066,38.33483440546576,0.9233259424371152,0.9194700806348624,0.9194932164265336
DSC01506,HEIC,2,Buildings,3.454160299999785,95.348528,1812303.0,32216685.0,94.37,2.4688416,44.20587141066961,0.9828166219292264,0.9856487943233212,0.98892936868042,3.8669655,42.257100375764495,0.9604101629758344,0.9601256449053306,0.9613328539860596,5.970077,40.37100429027077,0.9493228466914856,0.9500620264386506,0.951832903898427
DSC01506,HEIC,3,Buildings,10.27346309999848,96.625246,4709270.0,32216685.0,85.38,1.1230222,47.62692012162291,0.9907742962072954,0.9921720680929688,0.9938530178077906,2.6787803,43.85143269522114,0.9720984291956024,0.9728355506676254,0.974042451992759,4.421078,41.67552150572839,0.963930657609942,0.9652762768877468,0.9666900824082632
DSC01506,JPEG,1,Buildings,0.0428531999968981,67.772263,743921.0,32216685.0,97.69,23.771822,34.370178811768234,0.8883559379596329,0.898385466411528,0.91644801302995,14.337156,36.56617363104068,0.9157768315677796,0.9023927799782382,0.8924165230049175,20.97541,34.91369902447761,0.8806998766405766,0.8658195001135108,0.8561048579843965
DSC01506,JPEG,2,Buildings,0.0508015999985218,92.220199,1723163.0,32216685.0,94.65,5.266772,40.91535856866959,0.9678101430434284,0.9730043829078904,0.9788950884020268,5.2520175,40.92754182102805,0.9486063634076614,0.9473722219894648,0.9484555237305036,8.515226,38.82884164756018,0.9293428187607574,0.9292876784506904,0.9313761219477948
DSC01506,JPEG,3,Buildings,0.0724490000029618,96.204123,4544927.0,32216685.0,85.89,1.8231125,45.52266914720923,0.9866292874099436,0.9887905944191596,0.991169955295409,2.6068416,43.969657237848914,0.9707695963038768,0.9717088274160984,0.9731691675525684,3.9960027,42.11454592973893,0.9626715259344456,0.9643257207350472,0.9662383208419832
DSC01506,WEBP,1,Buildings,4.84302469999966,90.548696,749682.0,32216685.0,97.67,9.17798,38.50333239884496,0.9459481643501556,0.9534298839009074,0.9641028953168372,6.660567,39.89569170715836,0.9395531557443512,0.9330444479832464,0.9310622522795804,10.358989,37.97763006741096,0.9174879666405736,0.9109550262291064,0.909877313345339
DSC01506,WEBP,2,Buildings,7.62556979999863,94.392044,1701444.0,32216685.0,94.72,3.9335122,42.18299844246428,0.97346930753867,0.9776976943819145,0.9828040204977602,3.9873617,42.12394721219909,0.9585954055159284,0.9569002290993256,0.9575675025107412,6.1507893,40.24149532184693,0.9456415325919502,0.9444760784439458,0.9457205568416412
DSC01506,WEBP,3,Buildings,8.497977199996967,96.244525,4638736.0,32216685.0,85.6,1.3706808,46.76144036672534,0.9888120733949848,0.9905105934272032,0.9924967783641316,2.1718647,44.762475746611976,0.9765193109508052,0.976800082806216,0.9777015530321864,3.6232932,42.539768801412414,0.9694573812990844,0.9701578582667748,0.9712207980608388
DSC01518,AVIF,1,Buildings,0.8618912999991153,94.680146,777783.0,29270048.0,97.34,2.2724185,44.56592030953156,0.9784177309670324,0.9798246487295738,0.9819323459835574,2.2542105,44.600858932324925,0.97756420808854,0.9764053858990271,0.9762194345659264,3.7461238,42.39498218022568,0.9654539312634188,0.9645061013150812,0.9647011112973491
DSC01518,AVIF,2,Buildings,1.1121665999999095,96.363569,1740808.0,29270048.0,94.05,1.4549619,46.502287272411856,0.9842474229665238,0.9851442166797842,0.986496107418856,1.7397248,45.72599810960688,0.9820529553802492,0.9816470485359476,0.9817554273131008,2.81523,43.63566481460576,0.9730379172933996,0.9729259638006188,0.9733373702816412
DSC01518,AVIF,3,Buildings,1.9791934999993828,97.040399,4686094.0,29270048.0,83.99,0.8742295,48.7145489677023,0.9893336901323054,0.9898742207357624,0.9906917185641104,1.4766308,46.43808440917642,0.9847298028219768,0.9846071997869082,0.984814605776578,2.3866448,44.3529257189402,0.977564547725874,0.9777180183242972,0.978139452323955
DSC01518,HEIC,1,Buildings,8.739575899999181,94.766996,749256.0,29270048.0,97.44,2.180564,44.74511536071429,0.9794519707340164,0.980980783981756,0.983139066990562,2.4776251,44.19044767195303,0.9742465647776172,0.9725620551864768,0.9721422550663128,4.1075478,41.99497739846787,0.961459815894257,0.960090906654642,0.96012789685237
DSC01518,HEIC,2,Buildings,4.035003499997401,96.099567,1741656.0,29270048.0,94.05,1.3966523,46.67992056841439,0.9854629686483368,0.986518372167288,0.9879709616263492,1.8640668,45.42618885760285,0.979071895974199,0.9786046296823196,0.9787829906753224,3.097879,43.22015913933014,0.9697597247004536,0.9697338088908384,0.9702632934137384
DSC01518,HEIC,3,Buildings,10.672389300001669,96.69972,4417865.0,29270048.0,84.91,0.90257543,48.57596875647808,0.9898207561491612,0.9905083070999218,0.9914815657539204,1.4948398,46.38485708017916,0.9824254234179997,0.9824400898395896,0.9827904174906116,2.5230315,44.111577002243074,0.9754894840937646,0.9758722199712409,0.9764429308935664
DSC01518,JPEG,1,Buildings,0.0781540000025415,85.280503,763354.0,29270048.0,97.39,6.542694,39.97323743878548,0.9529857203410146,0.9550214758705264,0.9591249360213094,5.035665,41.11023538161496,0.9634510187044676,0.9584452740867364,0.9549573676714298,7.7539544,39.23557133903075,0.943448915238116,0.938073784461742,0.9348730478916067
DSC01518,JPEG,2,Buildings,0.0536448000020755,94.986444,1697360.0,29270048.0,94.2,2.0662599,44.97895422182293,0.9800964316499218,0.9815202051987344,0.9833802887024392,2.0997767,44.90907241905818,0.9762943076294954,0.975698369083162,0.9759146594592673,3.5932736,42.57590087352256,0.964109360039673,0.9639119565112017,0.9645397000210122
DSC01518,JPEG,3,Buildings,0.1109475000012025,96.611587,4705009.0,29270048.0,83.93,1.0968243,47.729433075848746,0.9874576322160128,0.9882718439613466,0.9893501059557964,1.2960798,47.004486321186825,0.9833762931187467,0.9834676525567472,0.9838710776909092,2.1072986,44.89354277780306,0.976161182286442,0.976596463035676,0.9772797595108482
DSC01518,WEBP,1,Buildings,4.118776399998751,94.365543,740412.0,29270048.0,97.47,2.9853928,43.38078866497858,0.9726720629330564,0.974379854129988,0.9772723109954304,2.3980458,44.33222903731139,0.974244921219912,0.971837916249274,0.9710027144299084,3.9525728,42.1620050049907,0.9613145127203726,0.958887441148084,0.9584057434115936
DSC01518,WEBP,2,Buildings,6.429624200001854,95.957369,1787804.0,29270048.0,93.89,1.6363386,45.99207200782426,0.9822161037326808,0.9833695931522608,0.9850721715497188,1.5656295,46.18391382307095,0.9812858445286816,0.9805050857059604,0.9805164798803464,2.6713836,43.86344096519199,0.9721260671893937,0.9715073780727236,0.9717392355195832
DSC01518,WEBP,3,Buildings,9.32424710000123,96.764512,4720438.0,29270048.0,83.87,0.8203837,48.990633143284334,0.9898836194504704,0.9904656203730964,0.9912936935581744,1.158415,47.492161983759125,0.9858901787986754,0.985776256615645,0.985965500094901,2.0461137,45.021505832081886,0.9792377649185056,0.9793184691546374,0.979654315596356
DSC01520,AVIF,1,Low light,1.0811175999988336,83.393439,791975.0,48118187.0,98.35,29.956978,33.36582358288598,0.821098368985099,0.8457903523943274,0.8786440902987058,32.929817,32.95491047747392,0.7135626709944349,0.7104182444898524,0.7217545513332102,32.83134,32.967917371597665,0.7278844359965264,0.7251146192998834,0.7374127710398873
DSC01520,AVIF,2,Low light,1.310753599998861,89.732775,1697231.0,48118187.0,96.47,20.2973,35.05642071249066,0.8781741010060565,0.8962179978862569,0.9185443044246152,27.470377,33.74215727489522,0.7527555434146219,0.7579818251586602,0.7714879959279922,26.689167,33.86745353027086,0.7694837600566553,0.7746862781039044,0.7886684995818626
DSC01520,AVIF,3,Low light,1.4880331000022124,94.881467,4542643.0,48118187.0,90.56,8.511105,38.830944410686136,0.9472058252439812,0.9550180512855334,0.9643709873448136,18.454504,35.46977977125285,0.8330024825764639,0.8408039819944649,0.8512280428172172,17.578358,35.68102074101196,0.8475545116220565,0.854910548234415,0.8652493985072438
DSC01520,HEIC,1,Low light,5.159973800000444,86.747802,799544.0,48118187.0,98.34,27.557915,33.72834001806547,0.8256587176507587,0.8502121379481123,0.8825640947915643,34.851036,32.70864673898139,0.7015012690344224,0.6944093761390152,0.7031603685347312,34.219437,32.7880750494574,0.7190382629259257,0.713049135560488,0.723065087178954
DSC01520,HEIC,2,Low light,5.692104100002325,90.701131,1539789.0,48118187.0,96.8,19.663958,35.19409442369487,0.8777800967887,0.8964613539114765,0.919649811704217,30.118744,33.34243507740584,0.7351107441267085,0.7375418689929886,0.7499844908874346,29.238842,33.471201941526566,0.7526633049367631,0.7552894287414906,0.7683759771869749
DSC01520,HEIC,3,Low light,3.781938700001774,94.306885,4258983.0,48118187.0,91.15,8.572706,38.79962406706091,0.9502384586287892,0.9585339872546216,0.9682728540212096,21.03333,34.90172303249992,0.8181628012094426,0.826491092930969,0.8377499074266509,20.259245,35.06457102042954,0.8316996203547007,0.8396813320230331,0.8510230930439839
DSC01520,JPEG,1,Low light,0.0430902000007336,60.844211,749465.0,48118187.0,98.44,58.909863,30.42892330098447,0.7203227637143877,0.7482702069088706,0.7953796342053874,48.880642,31.23943469846825,0.6628102448638501,0.6405077709642514,0.6350550946686114,49.213238,31.209984418067314,0.6740598902543322,0.6515951974465007,0.647352095559912
DSC01520,JPEG,2,Low light,0.0516303000003972,87.168406,1724433.0,48118187.0,96.42,26.28176,33.934259231603114,0.8431488215127952,0.8650009202619316,0.8925112272966377,32.481606,33.01442861543906,0.7242936257474325,0.7265589551462883,0.7398874170295234,32.03625,33.07438684490331,0.7397291712577749,0.7420492985549877,0.7558263634886504
DSC01520,JPEG,3,Low light,0.1123858999999356,94.629399,4484607.0,48118187.0,90.68,13.239709,36.91201929464641,0.9182660289218172,0.930193928144838,0.9443814049706608,22.675919,34.57515480610016,0.7985208826691008,0.809117562529781,0.8220190136734232,21.508896,34.80462242398349,0.8148852364928448,0.8250912736975284,0.8380794489958823
DSC01520,WEBP,1,Low light,5.232958000000508,85.340016,746178.0,48118187.0,98.45,34.82413,32.712000831986586,0.7867972898344329,0.814259034473103,0.8542034506452286,36.738537,32.479584999354515,0.6891938470237567,0.6750791370205916,0.6798674906672435,36.581696,32.49816528815286,0.7039999462320863,0.6905276282476634,0.6969991808681943
DSC01520,WEBP,2,Low light,3.705229800001689,91.074514,1694576.0,48118187.0,96.48,22.293245,34.649070584431755,0.8540015612369717,0.8754492357964898,0.9026203412730608,29.578184,33.42108866434042,0.7369286684768581,0.7357013786682655,0.747382252447558,28.679022,33.55516011980654,0.7536694205672041,0.7526298864179247,0.765143488761475
DSC01520,WEBP,3,Low light,9.208415000000969,94.21957,4648424.0,48118187.0,90.34,10.222079,38.03541130444193,0.9370918280382076,0.9467992340131104,0.9581387498751924,18.735386,35.40417711226972,0.832941323208665,0.8395409191636918,0.8496612977525977,17.900951,35.60204251086397,0.8460022135941742,0.8521584020417321,0.8623094652844921
DSC01526,AVIF,1,Buildings,0.9854605999971682,92.407989,758222.0,32330871.0,97.65,3.516668,42.6694897615442,0.9702403367254492,0.9731513430886428,0.97705334782383,3.244909,43.01877823088729,0.9697804036615444,0.9686220342734864,0.9691000493012756,5.095875,41.05861609519178,0.9485472891485572,0.9466337440803516,0.9468850478663384
DSC01526,AVIF,2,Buildings,0.881768799998099,96.128371,1766645.0,32330871.0,94.54,1.986474,45.14997471478672,0.979400822208728,0.981124004117123,0.9834314843957436,2.273443,44.56396283685201,0.97766537871104,0.9775703621441378,0.9781809492450932,3.40573,42.808701297447925,0.9627930970073064,0.962879854299064,0.963710560330556
DSC01526,AVIF,3,Buildings,1.3242745000025025,97.542638,4763894.0,32330871.0,85.27,1.0186108,48.050720706639545,0.9881438281824088,0.9890958241976552,0.990358686292346,1.7988758,45.580791580964,0.9819418693941512,0.9820910762662316,0.9826366672022556,2.6485336,43.90074886976318,0.971168344200099,0.9715952871012804,0.9723358408446984
DSC01526,HEIC,1,Buildings,4.511533499997313,93.257818,720682.0,32330871.0,97.77,3.4041412,42.81072801556399,0.97113480919455,0.9741562269402704,0.9781145714692506,3.800262,42.33266815203544,0.9647925229008368,0.9629401291021756,0.9630463743448032,5.693262,40.57719170837633,0.9432764890886052,0.9406735938697004,0.9404937439188324
DSC01526,HEIC,2,Buildings,2.397875799997564,95.498004,1595874.0,32330871.0,95.06,2.046965,45.01969981494974,0.9803695748878936,0.9823452493873632,0.9848507174262028,2.7478583,43.74086041804311,0.9717756802438756,0.9715315341571066,0.9722941461868488,4.0496817,42.05659468087398,0.9560191269425532,0.9560818602236754,0.9570385868564706
DSC01526,HEIC,3,Buildings,3.614537699999346,96.558454,4355883.0,32330871.0,86.53,1.1253867,47.61778565132416,0.9882950496175664,0.9895010841371548,0.9910415680043672,2.0458198,45.0221298212835,0.9775688800246632,0.9780491786286708,0.9789319293524108,2.9070127,43.4963344901344,0.9680714746559403,0.968964268098976,0.9699906571290652
DSC01526,JPEG,1,Buildings,0.0780688999984704,78.066122,758681.0,32330871.0,97.65,11.336403,37.58605075980353,0.9286059340231144,0.9340946419035472,0.943587844058721,8.819326,38.67644952937674,0.9453436168896588,0.9382272117502044,0.9340325928652354,11.0125065,37.71194188500379,0.920365031288662,0.9113540422325483,0.906142787538518
DSC01526,JPEG,2,Buildings,0.0522672999977658,94.112463,1713514.0,32330871.0,94.7,2.943214,43.44258531907229,0.9733458868167072,0.9758488555216184,0.9789604367498422,3.0681689,43.2620108325404,0.9692157245490874,0.9690587242452776,0.9699982701679258,4.700571,41.40929744364905,0.9499381627826295,0.9495042526264292,0.9503381060226606
DSC01526,JPEG,3,Buildings,0.1999883999997109,96.377126,4444704.0,32330871.0,86.25,1.4269922,46.58658776282859,0.9844400926697392,0.985816791150818,0.9874978556311892,1.7374752,45.7316176368542,0.9788939067523748,0.9793833700248366,0.9802537419812232,2.6959023,43.82376213285414,0.9665885127829228,0.9674977844717412,0.9686691539882348
DSC01526,WEBP,1,Buildings,4.542427000000316,92.58898,748478.0,32330871.0,97.68,4.5788603,41.52322959207929,0.9633456293206354,0.9669945944970736,0.9723614101190928,3.7160676,42.42996749970657,0.9649369899369652,0.9617475221635576,0.961088026768228,5.594358,40.65330096680295,0.9435229443624455,0.9391284356715848,0.9380462216201648
DSC01526,WEBP,2,Buildings,3.3336858000002394,95.204881,1751530.0,32330871.0,94.58,2.437958,44.26054151377289,0.9764041397832622,0.9786448566836472,0.9815687077622096,2.1361828,44.83441945118811,0.9762061841329518,0.9755352460384016,0.9760310882944188,3.395091,42.82228925484333,0.9609412638385674,0.9601853990119494,0.96071821280589
DSC01526,WEBP,3,Buildings,10.72161899999992,96.536267,4764100.0,32330871.0,85.26,1.1740255,47.43402819284413,0.9863170570522688,0.987446538236068,0.9888997575809216,1.4104444,46.63724402917288,0.9831952065935708,0.983295764052351,0.9837976998053688,2.2513692,44.60633636647216,0.9733061062657302,0.9735887329798332,0.9742023014447102
DSC01530,AVIF,1,Low light,1.046384000001126,87.15297,778638.0,46372421.0,98.32,21.025158,34.90341078701695,0.8295478931952157,0.8456639243973983,0.8690767868097415,19.675909,35.191455413014644,0.7891691237361731,0.7822480302023246,0.782775050642784,26.144962,33.95692326661144,0.7512577846004085,0.7469181385124455,0.7504910347963558
DSC01530,AVIF,2,Low light,1.1319156999998086,91.411983,1743937.0,46372421.0,96.24,14.31346,36.5733573506814,0.8858535047418657,0.8977721932655953,0.913723823266668,16.759771,35.88812268303843,0.8146546849780135,0.8139695061086948,0.8172633217211669,21.769604,34.75229827057794,0.788296253251125,0.7902891854316948,0.7959467367796421
DSC01530,AVIF,3,Low light,1.492401899999095,95.042097,4497119.0,46372421.0,90.3,6.669302,39.88999961275602,0.9459518208158386,0.9515814142592824,0.9588834912992164,11.382328,37.568492650571606,0.8723598021652631,0.8750935189085172,0.8786044971805587,14.623359,36.48033223665553,0.8587008003281218,0.8628894288663554,0.8676284518881697
DSC01530,HEIC,1,Low light,4.199627599999076,89.360627,710074.0,46372421.0,98.47,20.075796,35.10407576283781,0.8320133063374748,0.8482522474424983,0.8717188646084483,21.410526,34.82453031163979,0.7762213967846066,0.7630406914481399,0.7588810440712929,28.16243,33.63410248587242,0.7354808647061423,0.7245761158214508,0.723789970292002
DSC01530,HEIC,2,Low light,8.155826099999103,92.091632,1578687.0,46372421.0,96.6,14.091975,36.64108473975725,0.8863539786930462,0.8987132061441021,0.915359441332359,18.741049,35.4028648053043,0.7964099326256726,0.7915818199803647,0.7926874465631807,23.764484,34.3715197708665,0.771795673776581,0.770932123563612,0.7750192273047427
DSC01530,HEIC,3,Low light,4.060970000002271,94.614935,4606123.0,46372421.0,90.07,5.966618,40.373521351422255,0.9552566207186494,0.96067363368167,0.9675750857807044,12.86171,37.03781647786365,0.8602207510918094,0.8627922912091454,0.8663297717310323,16.103285,36.06165894482895,0.8500971999760328,0.854360344916652,0.8591192836730965
DSC01530,JPEG,1,Low light,0.0772943999982089,73.063046,744288.0,46372421.0,98.39,32.71997,32.98267444686455,0.7633558257288833,0.7802384059775921,0.8103213387417846,25.679754,34.03489495926264,0.7638757970080257,0.7461919676438875,0.7370584360634254,33.951317,32.82223727156925,0.714544722156324,0.6960096966473864,0.6886947820954449
DSC01530,JPEG,2,Low light,0.0890926000029139,89.954407,1744160.0,46372421.0,96.24,18.221636,35.52493010297478,0.8541018873456597,0.8683819911533235,0.8876842521357718,19.166063,35.30547452667029,0.7967886991778719,0.7933886311057311,0.7956724774020096,25.302252,34.099212000704696,0.7634150292780213,0.7630903774242427,0.7683837351945836
DSC01530,JPEG,3,Low light,0.0694320000002335,94.852503,4582405.0,46372421.0,90.12,9.776681,38.22888924613121,0.9214875472293635,0.9297173575555568,0.9401492373589634,13.517875,36.821719244487575,0.8490202437535458,0.8531274968263541,0.8577473371549975,17.620745,35.67056104961615,0.8277019137938975,0.83406479549113,0.8405559018693393
DSC01530,WEBP,1,Low light,2.818500199999108,89.991253,767956.0,46372421.0,98.34,22.851221,34.541709607410965,0.8060398112235875,0.8234452070523607,0.8505613670604381,20.939968,34.921043554569,0.7779804755268376,0.7653013941249297,0.7623045810251518,27.840609,33.684016171105014,0.7369246735890072,0.7249887825329367,0.7244508530922755
DSC01530,WEBP,2,Low light,6.2701430000015534,92.644933,1686472.0,46372421.0,96.36,16.320915,36.00335856536396,0.8613401604002373,0.8757852506800273,0.8955039707971393,18.023628,35.5723813993132,0.8022970541223351,0.796441143597465,0.7976843702803592,22.98932,34.515542338041854,0.7771598656006227,0.7740672165076172,0.7779562334364659
DSC01530,WEBP,3,Low light,6.001872699998785,94.4136,4750520.0,46372421.0,89.76,7.520807,39.36815917944704,0.9400187154761418,0.9466615822602424,0.9550197289466962,11.438383,37.547157347629536,0.873039974636544,0.8747281219996476,0.8779285535674458,14.3991585,36.54743226922919,0.8618875678036583,0.8651086273660898,0.869485724254638
DSC01556,AVIF,1,Macro,0.7748046000015165,86.681725,718552.0,48497031.0,98.52,26.945684,33.825911549353684,0.7700113150263076,0.7815706263887601,0.7988122206446712,34.56972,32.7438448334776,0.698059542719672,0.7005765445806649,0.7135091148169801,27.001696,33.816893291754305,0.7390774585103351,0.7372187518851926,0.7462005844485018
DSC01556,AVIF,2,Macro,0.8469022000026598,90.088329,1639561.0,48497031.0,96.62,19.409645,35.250627524574774,0.8419044207505891,0.8514539635374869,0.8638814455720756,29.944592,33.36761982103137,0.7332978017395696,0.7407260220573679,0.7543284224804946,23.391733,34.44017944597344,0.7679689538187686,0.7714242647097184,0.7817962230907933
DSC01556,AVIF,3,Macro,1.2225058999974865,94.500276,4614932.0,48497031.0,90.48,8.371408,38.90281835240429,0.9326930389460472,0.937001503533318,0.9421650065904972,20.467058,35.02024924132962,0.8185320976238261,0.8272104115082342,0.8375138012399156,15.667556,36.18079112259133,0.8437906972775462,0.8498284102367761,0.8580197137622756
DSC01556,HEIC,1,Macro,2.229305900000327,88.399635,642309.0,48497031.0,98.68,26.470608,33.90316466332537,0.7671158420012927,0.7786157272858926,0.7963614811511934,37.08376,32.43896609366797,0.6811697041761527,0.6782886816598305,0.6885578169700597,29.307205,33.461059332203924,0.7223025568801883,0.7145480928179402,0.7201912165884871
DSC01556,HEIC,2,Macro,4.966426099999808,91.305079,1642403.0,48497031.0,96.61,17.826574,35.62012479963991,0.8537424023005364,0.863241543907658,0.875812567715078,31.942932,33.087055888390694,0.7221642906744737,0.7279694324029118,0.7406962177932594,25.428152,34.07765558189277,0.7534470207879584,0.7542070568995481,0.7633531011830293
DSC01556,HEIC,3,Macro,9.229256200000236,94.157022,4912013.0,48497031.0,89.87,7.1344132,39.59722100252464,0.9464273002847494,0.9506945583144186,0.9558040917849204,21.767054,34.752807271111195,0.8181977072319861,0.8271535148928916,0.8376248447161064,17.05805,35.81150972760602,0.8376423559279148,0.843826175524465,0.8524773356485017
DSC01556,JPEG,1,Macro,0.1240011999980197,78.520252,773424.0,48497031.0,98.41,33.565887,32.87182221456167,0.7218891174439366,0.7323613319930662,0.7509381049967521,41.754124,31.923809779787536,0.6609356130402131,0.6515406665750079,0.6580586125035284,33.44351,32.88768522236229,0.7057985037333836,0.6928722742392743,0.6950817517424015
DSC01556,JPEG,2,Macro,0.0916284999984782,89.678715,1709878.0,48497031.0,96.47,23.669422,34.38892701593045,0.8049295466760068,0.815612241665317,0.8296507460695257,33.91089,32.82741178599031,0.7116569176108631,0.7174142650038041,0.7309062241450263,26.652197,33.87347369238495,0.7481402154046923,0.7496087942191776,0.7595834741667729
DSC01556,JPEG,3,Macro,0.1136044999984733,94.420089,4510004.0,48497031.0,90.7,13.161784,36.93765581227053,0.8943131092019194,0.9008781847398692,0.9087016712614252,25.265144,34.10558573459328,0.780871887732775,0.7924516394380045,0.805080271313064,19.34406,35.26532705542641,0.8109328854709759,0.81915300188565,0.8291825524443622
DSC01556,WEBP,1,Macro,4.215702200002852,88.501789,740066.0,48497031.0,98.47,28.14739,33.63642226917782,0.7466971419962598,0.7586880527663517,0.7779294239607248,37.39197,32.4030199035865,0.6774912038049214,0.6708186836070227,0.6803725358579401,29.38859,33.44901633367899,0.7207192091798296,0.710529240527851,0.7157625087951596
DSC01556,WEBP,2,Macro,8.893745800000033,91.367879,1693504.0,48497031.0,96.51,21.051905,34.897889716350235,0.8157926076888978,0.8269835194827158,0.8418838825922599,31.041317,33.21140247042613,0.7265934646824292,0.7292111543581629,0.7416239686676717,24.743702,34.196156777728326,0.7579461671811325,0.7560622570434549,0.764849061214755
DSC01556,WEBP,3,Macro,13.351012200000696,93.45807,4410814.0,48497031.0,90.9,10.209838,38.04061526545259,0.9218625079571828,0.92762805096072,0.9343148200221912,20.200415,35.07720087346086,0.8264043608047659,0.833868545149658,0.8437281132149766,15.832054,36.1354308390988,0.8463304068075906,0.8509580952256793,0.858942764696224
DSC01558,AVIF,1,Smooth,0.9421314999999596,87.095155,763377.0,28746042.0,97.34,6.629149,39.91622572658378,0.9699120956786154,0.975765452367907,0.9805177735570952,6.7366495,39.84636427023724,0.9402439505724506,0.9399898347866312,0.9411917323655116,13.400816,36.859491122704085,0.9023714012469396,0.9050258287951418,0.90954715288852
DSC01558,AVIF,2,Smooth,1.5069562999997288,93.755814,1706054.0,28746042.0,94.07,2.7828884,43.68584553867207,0.98611846658196,0.988638494297603,0.990510349884191,4.351551,41.74436263808769,0.9598941992526596,0.961033088855113,0.9624839636156,8.807953,38.68205380167375,0.934634272136329,0.9377738252104216,0.941034534196566
DSC01558,AVIF,3,Smooth,3.025265899999795,97.054934,4424999.0,28746042.0,84.61,1.0703771,47.835435455809645,0.9933169888390708,0.994054826070019,0.9945905337274136,3.3027768,42.94201126774054,0.96941203277009,0.970543775482724,0.9716794496419676,7.056438,39.64494833285372,0.9481302175640128,0.9505947307021996,0.9529641281610944
DSC01558,HEIC,1,Smooth,10.482119399999648,89.013753,798414.0,28746042.0,97.22,5.946943,40.387865944991965,0.9725806655277804,0.9781873740039766,0.9827529604093328,7.959548,39.1219194690743,0.9287898452077858,0.9281346380203652,0.9293469871065754,14.009125,36.66669365302015,0.9009728992190664,0.9031133829168068,0.9070386540073068
DSC01558,HEIC,2,Smooth,2.199433999998292,93.926454,1634592.0,28746042.0,94.31,2.7737012,43.700206773117415,0.9863833254171908,0.9889900425070064,0.9909888938377316,5.425469,40.78643063324341,0.94969255184408,0.9511282082475891,0.953004917981386,9.982731,38.13830988508553,0.9288959353742472,0.9326332049042206,0.9362285407550356
DSC01558,HEIC,3,Smooth,4.644806600001175,96.032859,4614832.0,28746042.0,83.95,1.189768,47.3761810347566,0.992961739293993,0.9939496740841676,0.9947222293361028,3.8727202,42.25064235296741,0.9633707605266524,0.9652833343786852,0.966860357860578,7.8188486,39.19937532031628,0.9449475010714454,0.9482819225335252,0.950924932549513
DSC01558,JPEG,1,Smooth,0.0777742999998736,59.710825,751745.0,28746042.0,97.38,28.385384,33.59985610016566,0.8994390998147234,0.9149265307147378,0.9296680847294824,20.91267,34.92670885936077,0.8811404455111901,0.8713928044072541,0.8671713161213388,31.763998,33.11145190737937,0.837420222160812,0.8329838862575181,0.8354357586220175
DSC01558,JPEG,2,Smooth,0.0905434999986027,89.519631,1718518.0,28746042.0,94.02,6.0717607,40.29765710198412,0.9722115714147492,0.977450447395896,0.9814719555119844,6.9127145,39.734317569914815,0.9407579086173834,0.9421761919210516,0.944449167448808,12.023419,37.33052367402758,0.9160414455307088,0.9207225557495547,0.9259858139383416
DSC01558,JPEG,3,Smooth,0.0622272000000521,95.705598,4486781.0,28746042.0,84.39,1.8525954,45.45299769898028,0.9898348486005948,0.9914403566653524,0.9926207112759045,2.6334429,43.92556474409897,0.9746144837636904,0.9762274558705474,0.977567894663697,4.851487,41.27205466700872,0.9630909471910756,0.9665043462002774,0.9692730359959456
DSC01558,WEBP,1,Smooth,4.987850900000922,85.591999,763692.0,28746042.0,97.34,10.852503,37.7755046389922,0.9488637035286898,0.9587171771068176,0.9678289764969044,10.235718,38.02962065289349,0.9096527989435862,0.903678560950489,0.9035518454879716,17.05447,35.81242139569942,0.8774573123576701,0.8756112682426442,0.8795687004082143
DSC01558,WEBP,2,Smooth,7.014448900001298,92.487022,1733330.0,28746042.0,93.97,4.151403,41.948854809705736,0.9795171237756864,0.9834751180435388,0.9865592898030427,5.485311,40.73879090869903,0.9461511777331006,0.9461618525452604,0.9477505405632756,10.113868,38.08163084125103,0.9222557346999828,0.92443420827297,0.9281874990414638
DSC01558,WEBP,3,Smooth,6.3362047000009625,95.81685,4668276.0,28746042.0,83.76,1.2750626,47.07548853365331,0.9923153467201926,0.9933224753158718,0.9940871446919932,2.807996,43.64683870719175,0.9713923617817314,0.972355032456183,0.9734358704962564,6.4794555,40.01541846786158,0.9506517723375744,0.952766427308878,0.9549343035741932
DSC01559,AVIF,1,Smooth,1.1316192999984196,87.829369,755614.0,26740184.0,97.17,5.636905,40.62039622165821,0.975344264576795,0.9799460638213534,0.983591575278965,4.9527545,41.18233554243068,0.9490270414366874,0.9478186191517152,0.9476693692323296,8.473456,38.85019749994168,0.9216092620972344,0.9209337368197456,0.9224246298383556
DSC01559,AVIF,2,Smooth,2.0645965000003343,94.004065,1715297.0,26740184.0,93.59,2.2538912,44.60147405166357,0.9891030238357182,0.9908379589081698,0.992081649085202,3.5301516,42.65287001032574,0.962899472247625,0.9630579285022336,0.9635709280189996,5.783836,40.50864405210291,0.9453439203580442,0.9463701331405702,0.9479488423039096
DSC01559,AVIF,3,Smooth,2.8692507999985537,97.217733,4303785.0,26740184.0,83.91,0.9366664,48.41495410649739,0.9942055052767526,0.9946788963229634,0.995020610740667,2.8433087,43.59256335841238,0.9702506240851246,0.9706396344987284,0.9711526585440036,4.7799106,41.33660575111634,0.9552264819575288,0.9562187533593078,0.95750838413345
DSC01559,HEIC,1,Smooth,3.1471486000009463,89.228381,788476.0,26740184.0,97.05,4.970411,41.16688085082313,0.978257543264772,0.982408184512236,0.985662155728333,6.2096786,40.20011246166248,0.935638152421763,0.9327460014577884,0.9315677884071792,9.225217,38.481037741204446,0.9161967878683284,0.9140612710637348,0.9142800258529312
DSC01559,HEIC,2,Smooth,2.82634329999928,93.771463,1634847.0,26740184.0,93.89,2.2633152,44.58335330749449,0.9893152735437593,0.9910833562189088,0.992401063506438,4.21335,41.88452829477893,0.954751102819688,0.9544818144654929,0.9548757605080016,6.6340933,39.91298775156756,0.9376553865792644,0.9383836532924884,0.9398911466421466
DSC01559,HEIC,3,Smooth,15.392566599999554,96.010921,4810477.0,26740184.0,82.01,1.0171386,48.057002197835146,0.9939864473137308,0.9946364518448026,0.9951486185117102,3.0123806,43.34170522312908,0.9667033278618504,0.9673821838977668,0.9680274411178312,5.147639,41.01472284873743,0.9514555492663856,0.9528410651824738,0.9542252327129548
DSC01559,JPEG,1,Smooth,0.0804456999976537,60.490902,766638.0,26740184.0,97.13,25.46191,34.07189382013306,0.9122602150347564,0.9254945488618812,0.9374256387868174,16.092718,36.064509607004055,0.9034150254462174,0.8931987498688101,0.8854783916616239,20.695087,34.972130985132374,0.8796016613193598,0.8706302507402864,0.8658959323814525
DSC01559,JPEG,2,Smooth,0.0880083999982161,89.959241,1727439.0,26740184.0,93.54,5.2113442,40.96130603676712,0.976840775455919,0.9809010879451936,0.9839214955175504,4.930246,41.20211771786738,0.94891302280991,0.9483918606212176,0.9487465768380144,7.3956285,39.4410528622781,0.9327619882799092,0.93359377073864,0.935556244022538
DSC01559,JPEG,3,Smooth,0.1108014000019466,95.707187,4571573.0,26740184.0,82.9,1.5538836,46.21661896606515,0.991513109262953,0.992612006970755,0.993415663747565,2.0235078,45.0697547987872,0.9775347154858752,0.9781838534487984,0.9787016417735652,3.054552,43.28132829417106,0.969609237856801,0.9711257101255792,0.9724434826131914
DSC01559,WEBP,1,Smooth,5.163549699998839,86.705067,758370.0,26740184.0,97.16,9.162692,38.51057265356676,0.9575248099120688,0.9653260290502786,0.9721378487929913,7.144817,39.59089254170371,0.9251410665025048,0.9191629755632774,0.9168290363646784,10.310063,37.99819031620853,0.9053935405558488,0.9002508400633655,0.8996205602716638
DSC01559,WEBP,2,Smooth,5.622160400002031,92.239936,1752572.0,26740184.0,93.45,3.635399,42.52528259665919,0.982921339868174,0.986013854977702,0.9883519482611024,4.0592775,42.04631615329152,0.9541413286277988,0.953135374891143,0.9534188791524112,6.316536,40.12601385290661,0.9381771607748058,0.9378638670555028,0.9392204973323292
DSC01559,WEBP,3,Smooth,11.46162430000186,95.717139,4606958.0,26740184.0,82.77,1.1154364,47.65635526311005,0.9935179529099488,0.9942358389858736,0.9947625751832528,2.3721094,44.379456431814816,0.9725791489108596,0.9729383402968076,0.9734522466581472,4.290241,41.80598699984097,0.957762373921014,0.9585756683371698,0.9597537471994588
DSC01575,AVIF,1,Various,1.1652118000019982,92.459651,740445.0,30619562.0,97.58,4.1924767,41.9060969226954,0.9752352277475576,0.9793563282717804,0.9850256322205636,4.200716,41.89757038114927,0.9607146365377368,0.9592934277292812,0.9603468298289076,6.8293395,39.78701674665877,0.9459699881397496,0.9460529311317424,0.9495730608612796
DSC01575,AVIF,2,Various,1.855502800000977,96.107546,1698569.0,30619562.0,94.45,1.9717964,45.18218294884467,0.985421144731805,0.9876941384806206,0.9907501018383882,2.514293,44.12664468848703,0.97424892231626,0.9744502411233262,0.9756981904002892,4.26861,41.8279387809929,0.96486217197954,0.9662067587295636,0.9688704012570613
DSC01575,AVIF,3,Various,3.208017499997368,97.297637,4418208.0,30619562.0,85.57,0.97226167,48.25297177597786,0.9913158618742482,0.99243474705322,0.99402669447983,1.922455,45.29224213292767,0.980153661051342,0.9806215438556865,0.9816774135332345,3.4318826,42.77547931415853,0.9726314644955364,0.9739424764489228,0.9759919833285812
DSC01575,HEIC,1,Various,3.4743655000020226,93.596008,758395.0,30619562.0,97.52,3.6728966,42.48071640478391,0.9774405439954874,0.9813231088552608,0.9865617613504412,4.831521,41.28996501281749,0.9563748771227908,0.9546044867927166,0.9554488367715304,7.653445,39.29223389309805,0.9412241855159847,0.94145275787544,0.9451102597644824
DSC01575,HEIC,2,Various,2.935434700000769,96.173781,1804804.0,30619562.0,94.11,1.7637585,45.66641250112355,0.986890355900774,0.9890461598757136,0.9918943487484057,3.014487,43.3386693637794,0.9702917716898202,0.9707100551895274,0.972201091830209,4.9925313,41.147595621816215,0.9602702383361224,0.9622272483092006,0.9653637848408368
DSC01575,HEIC,3,Various,11.263250699998023,96.841509,4475240.0,30619562.0,85.38,1.0027862,48.11872020896121,0.99144838820164,0.9927382361940834,0.9944860287332395,2.337641,44.4430254515153,0.9766006668829929,0.9774845029671944,0.9788575659625656,4.061691,42.043735033291554,0.9686557528426588,0.9707094057495478,0.9732345516583172
DSC01575,JPEG,1,Various,0.0770377000008011,71.664619,760243.0,30619562.0,97.52,20.857239,34.93823535278007,0.9111807295354124,0.9196924772750648,0.9369040247555734,16.48485,35.95995374167636,0.9202447156552396,0.9081091456818142,0.9004355075531731,22.199312,34.667408375741935,0.8909909412026957,0.880891230529701,0.879364143887045
DSC01575,JPEG,2,Various,0.2646081000020786,93.709691,1723867.0,30619562.0,94.37,3.788485,42.34614799403677,0.9762969203575412,0.9803153382082124,0.9854355015489586,4.2552233,41.8415802042908,0.9588411673279448,0.9586617505039216,0.9604115961219154,7.1994867,39.55778810572773,0.9436725588699056,0.9455185098218188,0.9498187329083146
DSC01575,JPEG,3,Various,0.0661462999996729,96.588298,4603240.0,30619562.0,84.97,1.3671006,46.77279904115649,0.9890284283951122,0.9907401892293448,0.9929430009381244,1.9266579,45.28275737519656,0.9782486796160206,0.9791518646706492,0.9806138605227716,2.9912534,43.372271543629495,0.9717255506889252,0.9736752093290916,0.976314014736484
DSC01575,WEBP,1,Various,6.0520116000006965,91.972635,753508.0,30619562.0,97.54,6.30894,40.13123964006394,0.964291172810894,0.9696860688731522,0.9779885021548788,5.5339556,40.70044688500409,0.9513951322888604,0.9471203372308086,0.9469496858194114,8.574633,38.798648255028525,0.9342913886519256,0.9315062646022364,0.9343424897906906
DSC01575,WEBP,2,Various,10.430786299999454,95.232884,1693998.0,30619562.0,94.47,2.695382,43.82460008705206,0.9813589565507844,0.9844290981414258,0.9885610608739638,3.1245031,43.18299389062024,0.9686593625264568,0.9679639116526696,0.9691477682597738,4.9310403,41.20141825153225,0.9579719781250472,0.9585480002809538,0.9614809461890031
DSC01575,WEBP,3,Various,8.441793300000427,96.643326,4663322.0,30619562.0,84.77,1.0691588,47.84038159350238,0.9904391989103764,0.991826014401236,0.993714582446609,1.6955312,45.83774569341809,0.9820968033757314,0.9824569690956976,0.9833647932059454,2.9615228,43.41565275513084,0.9750942861366888,0.976228754951988,0.978065945368198
DSC01576,AVIF,1,Various,1.0965402999972866,90.345893,753129.0,31677372.0,97.62,5.743729,40.53886401289621,0.9677989954138622,0.973377375315409,0.980253916355429,4.865129,41.25986003546389,0.9547505909911804,0.9523923249136474,0.9527975374205384,7.610198,39.31684420483688,0.9358832162502648,0.9345172538847614,0.936645711611597
DSC01576,AVIF,2,Various,1.8433294999995269,95.373087,1740301.0,31677372.0,94.51,2.4382763,44.25997443956408,0.9837634968472484,0.9864811023541744,0.9897317766724604,3.0208123,43.32956637042819,0.9694549568328358,0.9694331361687082,0.9705457332464122,4.6373396,41.46811475095677,0.9582726222230616,0.9592012366952064,0.9613328473012528
DSC01576,AVIF,3,Various,3.1755970000012894,97.207197,4408404.0,31677372.0,86.08,1.0811715,47.7918576436968,0.9915804050014086,0.9928135045885284,0.9943495247559756,2.1997955,44.70698059331919,0.9776871065325988,0.978121484951702,0.979104412155647,3.4377666,42.76803968870225,0.9698328997434656,0.9709817868093084,0.9726696003563856
DSC01576,HEIC,1,Various,1.6533099000007496,91.476876,720278.0,31677372.0,97.73,5.416195,40.79386080963336,0.9692434448837898,0.9747600063700932,0.9815026817843914,5.744174,40.5385275856883,0.948251357488356,0.9444446933016614,0.9438155887079872,8.884176,38.6446319158339,0.9288357189233684,0.926151461921647,0.9274367249206764
DSC01576,HEIC,2,Various,4.089141899999959,95.372605,1660597.0,31677372.0,94.76,2.377249,44.3700567871923,0.9846248154553796,0.9873731647927292,0.9906063267344672,3.6170292,42.54728353765411,0.9636988970075412,0.9635809585614156,0.9647851498710386,5.6048656,40.645151679594846,0.952418123304598,0.9536056285197024,0.956008925767814
DSC01576,HEIC,3,Various,16.58027260000017,96.719078,4861223.0,31677372.0,84.65,1.048103,47.9267641036483,0.9920780278156596,0.99335330506524,0.9949164526520448,2.465557,44.2116529188992,0.974710640203382,0.9755320403103808,0.9767200430221508,4.0029817,42.106967666163975,0.9674488213181291,0.9691663665042184,0.971082390559946
DSC01576,JPEG,1,Various,0.1961873000000196,69.110629,765689.0,31677372.0,97.58,22.922823,34.52812242496397,0.8977330391774606,0.9086403651073623,0.9266387486917036,15.190233,36.31515902329247,0.9185421513131437,0.9061758151640374,0.8978749437617342,20.07667,35.103886875848445,0.8909664296814945,0.8807620315384829,0.8773566703345519
DSC01576,JPEG,2,Various,0.0513638999982504,92.446338,1728002.0,31677372.0,94.54,4.860667,41.26384470639997,0.9714386123883522,0.976324001929944,0.9819240965036328,4.917536,41.21332820446924,0.9539844101558514,0.9532166304907078,0.9545013019349994,7.4507194,39.40882179356884,0.9371960399070168,0.9381553969311536,0.9413860958575814
DSC01576,JPEG,3,Various,0.1946204000014404,96.302462,4641237.0,31677372.0,85.35,1.6094387,46.06405929533455,0.98870278721138,0.990616828551678,0.9928011104713436,2.2786245,44.554076018676994,0.9747290947882616,0.9756313910279826,0.9770080561530026,3.4200232,42.79051317397014,0.9674321761576724,0.9692203307111512,0.9713847539225644
DSC01576,WEBP,1,Various,5.826080999999249,90.783651,754402.0,31677372.0,97.62,8.221556,38.98126348090146,0.9527907100101256,0.9602208792520112,0.9704725390279016,6.0357976,40.323456751143134,0.9455213729463696,0.9397898295023832,0.9383656824521932,9.326456,38.43363704845307,0.9250396010848112,0.9202091395806882,0.9208288587537338
DSC01576,WEBP,2,Various,9.452946899997189,94.616337,1713698.0,31677372.0,94.59,3.3561797,42.87235144175846,0.9779284816706372,0.9817491975673815,0.9863537995672814,3.6401474,42.51961378522718,0.962379338438218,0.9610814811597008,0.9619593036919146,5.67614,40.590272666285344,0.94948687975141,0.9492551301119174,0.9513661186586728
DSC01576,WEBP,3,Various,10.235386699998344,96.444549,4659072.0,31677372.0,85.29,1.1745435,47.43211250061978,0.9906259423875504,0.992115372080876,0.993894954546694,1.8801645,45.38884493519427,0.9792780450764644,0.9796143511006652,0.9805334348531712,3.180371,43.10602589807405,0.9719700705174242,0.9729391594699796,0.9744739972473224
DSC01595,AVIF,1,Various,1.0018335999993724,88.172889,763429.0,32428302.0,97.65,4.6800427,41.42830530186621,0.965051570146777,0.969888717126597,0.975849935808113,3.8959897,42.22462587830389,0.9577447975060236,0.9548731315940756,0.953607859807708,6.1719327,40.22659177006224,0.9367304279290734,0.9336473858299608,0.9325194273121812
DSC01595,AVIF,2,Various,1.4276341000004322,94.4286,1736231.0,32428302.0,94.65,2.2007537,44.705089137179854,0.9816345737727868,0.9841623664058164,0.9871033801102538,2.5371614,44.08732289916568,0.970210728759469,0.9696656724718766,0.9696953019925898,3.9776492,42.13453888516369,0.9571868815053148,0.956888515596878,0.9569810317732452
DSC01595,AVIF,3,Various,2.5979812999976275,97.092149,4442191.0,32428302.0,86.3,1.0407759,47.9572312727082,0.990207369488152,0.9913932153357012,0.992787594715802,1.8677722,45.41756458900483,0.9778506839179086,0.9778470245343656,0.9780407812232026,2.9673636,43.407095804726495,0.968173093709846,0.9682452353553448,0.9683483756903744
DSC01595,HEIC,1,Various,1.7356853999990562,90.48642,769377.0,32428302.0,97.63,4.1628337,41.93691292911459,0.9683715694535164,0.9729284292460528,0.97838241379723,4.564746,41.5366376358342,0.9516763887357256,0.9470018018715204,0.9445431859100925,6.572187,39.95370448583432,0.9338571356348704,0.92922634389727,0.9267764394845336
DSC01595,HEIC,2,Various,3.9514507000021695,94.251761,1683373.0,32428302.0,94.81,2.120457,44.866509077220165,0.9827216816074416,0.985234537189147,0.9881042423718158,3.010416,43.34453829690869,0.964777504807031,0.9637966791247968,0.9636530679940284,4.310076,41.78595412661213,0.9532774575146188,0.9526731470848656,0.9525897756479595
DSC01595,HEIC,3,Various,6.149296299998241,96.050348,4713047.0,32428302.0,85.47,1.0661798,47.85249927042156,0.9905075740933906,0.9917919224193174,0.9932701664720468,2.054411,45.0039303698344,0.9751326699956936,0.9753286549381353,0.97560180141337,2.992739,43.37011515370804,0.9670432937406948,0.9674893258764428,0.967775939323904
DSC01595,JPEG,1,Various,0.0527356000020518,68.494607,769282.0,32428302.0,97.63,15.146023,36.3278173317224,0.906170845222444,0.9143261556668576,0.9271061402853588,9.32993,38.432019571185066,0.9352185237988858,0.9251599953946652,0.9168873080319484,14.150036,36.62322803075646,0.906332424466242,0.892580355146957,0.8802470517577886
DSC01595,JPEG,2,Various,0.1380881000004592,90.685248,1708261.0,32428302.0,94.73,3.9488988,42.16604337718437,0.9700315842643328,0.9741330208732208,0.9787325384826292,3.6394875,42.52040148364348,0.9593282314680328,0.9574831106004268,0.9568474149122912,5.606324,40.64402155924158,0.9425257590691528,0.940994259740082,0.9405782345043364
DSC01595,JPEG,3,Various,0.0785283999975945,95.671888,4657514.0,32428302.0,85.64,1.4516392,46.512216635417126,0.9873087735059872,0.989055253760228,0.9909777295289282,1.7943343,45.59177000819439,0.9768886149578764,0.9772195249844932,0.9776885410794244,2.7501597,43.73722457429405,0.9667722343515244,0.9673944529893934,0.9679716151954902
DSC01595,WEBP,1,Various,6.112148600001092,89.623292,753654.0,32428302.0,97.68,6.916239,39.73210367848214,0.9472441717713256,0.953800660792338,0.9630953347177368,4.791268,41.32629913554893,0.9490013272780315,0.9428618145207954,0.9397462497576364,6.9386935,39.71802637877644,0.9292118259395308,0.9229163823607028,0.9200851481396864
DSC01595,WEBP,2,Various,7.982009999999718,93.278981,1753086.0,32428302.0,94.59,2.9863324,43.3794223105006,0.975855742805934,0.9793217027716792,0.9833476979209042,2.9248462,43.46977312851572,0.9651104259677814,0.9632085757985736,0.962744212623314,4.20604,41.892069657298975,0.9528761154292952,0.9513401315419496,0.9511037528949204
DSC01595,WEBP,3,Various,9.732753899999809,95.491377,4373744.0,32428302.0,86.51,1.3770514,46.74130222082727,0.9877621501130376,0.989400924193725,0.9912339624683656,1.5742642,46.16002749713222,0.9802805915971242,0.980151978776295,0.9802705468745508,2.4252079,44.2833139361816,0.9727303575417964,0.9727992217843549,0.9729518309227804
DSC01646,AVIF,1,Various,1.0195310999988578,89.984077,765015.0,33332509.0,97.7,5.527029,40.70588614997476,0.9633647067491232,0.9685320476505866,0.9752189171725848,4.8151293,41.30472416488588,0.9559531192403526,0.9536378957930972,0.9539986792162102,6.910723,39.735568557599294,0.9393344860398244,0.9368808241876369,0.9374230185606786
DSC01646,AVIF,2,Various,1.037166199999774,95.129613,1704090.0,33332509.0,94.89,2.5721335,44.02786833556771,0.979903473293871,0.9826697805775344,0.986116460086178,3.0094104,43.34598947235772,0.969391111548704,0.9693287134100446,0.9703365698641,4.3568697,41.73905786361921,0.9582505635426796,0.9585013446585146,0.9597159686638432
DSC01646,AVIF,3,Various,1.6681496999990486,97.269688,4653490.0,33332509.0,86.04,1.0951377,47.73611622720747,0.9897239582036492,0.9909379760558996,0.9925177228042537,2.1375685,44.83160325075718,0.9778807280364028,0.978287534784081,0.979177597799078,3.1072707,43.20701259137049,0.9706122985172106,0.9712775294065032,0.9722349994317294
DSC01646,HEIC,1,Various,2.3202182999993965,91.397271,721291.0,33332509.0,97.84,5.2021685,40.96895932138386,0.9647097505677174,0.9699163399564216,0.976559679286918,5.79646,40.49917515037728,0.9482686168220948,0.9442113122673684,0.9434223067556778,7.8977995,39.15574239030064,0.93247705373287,0.9284931315320892,0.927967808382716
DSC01646,HEIC,2,Various,4.462329699999827,95.299618,1729973.0,33332509.0,94.81,2.3409233,44.43693186802814,0.981895177286409,0.9845689592799216,0.9878263249113468,3.536693,42.644829652383855,0.9640860737188264,0.9640631272190192,0.9653198670486522,4.9406033,41.19300393364506,0.9537912286103684,0.9542257370515688,0.9555995649545233
DSC01646,HEIC,3,Various,3.6257987999997567,96.532152,4620686.0,33332509.0,86.14,1.1240714,47.62286471644078,0.9900780531018556,0.991420279018095,0.99311623805175,2.474719,44.19554475492143,0.9743148191554116,0.9752071437625268,0.9764595918629084,3.5355604,42.6462208638867,0.9676882319110612,0.9688760865362904,0.9700631323342882
DSC01646,JPEG,1,Various,0.0770147000002907,68.634889,751524.0,33332509.0,97.75,19.74553,35.176115965944646,0.8924145762341795,0.8999493657513769,0.9143459705973096,13.532685,36.81696393021036,0.9207906206251476,0.9075729274169466,0.8968592414051021,17.508692,35.698266542663404,0.8985563719524596,0.8845577462732801,0.8738865927094172
DSC01646,JPEG,2,Various,0.0522162000015669,92.108062,1729330.0,33332509.0,94.81,4.644925,41.46101648821002,0.9676074051411376,0.9721427935387924,0.9775801920960866,4.701381,41.40854899878693,0.9543399164503472,0.9532527805811724,0.954163905705598,6.814968,39.79616521283441,0.9387185920299856,0.9381721419933234,0.9394651901344356
DSC01646,JPEG,3,Various,0.113110800000868,96.054162,4465147.0,33332509.0,86.6,1.7596688,45.676494265631504,0.9856216661209932,0.9876822884927696,0.99007542632819,2.294259,44.52437915885476,0.9735437481152516,0.9744796396147836,0.975860114938845,3.3711276,42.85305183654277,0.9646061015805516,0.9659516440574696,0.9675279689039942
DSC01646,WEBP,1,Various,7.295114000000467,91.36547,749200.0,33332509.0,97.75,7.803125,39.20811815364014,0.9469731962501632,0.9535357523336176,0.963338678536905,6.0901914,40.28449441335295,0.9461179650185684,0.939927529455168,0.9382536518163894,8.2688465,38.95635442020612,0.9295233300313916,0.9230716443356912,0.9215590477620476
DSC01646,WEBP,2,Various,7.470316299997648,94.552578,1690308.0,33332509.0,94.93,3.4295897,42.77838198788196,0.9736612659783273,0.9774036701092644,0.9821269332403464,3.531814,42.65082538035833,0.9630353305763288,0.9614598027232096,0.962187484449579,4.9345784,41.19830321352174,0.951638990876454,0.9502994255736236,0.9512325661287792
DSC01646,WEBP,3,Various,9.158971299999394,96.1628,4535840.0,33332509.0,86.39,1.4140286,46.62622167228079,0.9875381009751312,0.9892555282918772,0.9913585257008052,1.8644166,45.4253741889524,0.97915965776086,0.9794940157438956,0.9803840951059718,2.7884552,43.677166881446624,0.9725749066267833,0.9730705768869454,0.9739097672430757
DSC01648,AVIF,1,Various,0.8146056000005046,90.502548,742244.0,29594657.0,97.49,4.4919786,41.60642685527992,0.9728026678815545,0.976263275329261,0.979343389392768,3.145725,43.15359599372077,0.96652485034387,0.9651062706305632,0.9648910500136366,6.1462007,40.2447364156749,0.9362732250514684,0.9353233401609642,0.9363770156218872
DSC01648,AVIF,2,Various,1.0644071999995504,95.227846,1705171.0,29594657.0,94.24,2.174512,44.757185618761504,0.9839771539785171,0.9853481721181232,0.986548809871259,2.4312215,44.27255827398818,0.9739494013060076,0.9737577777283056,0.9740188030733146,4.6192245,41.48511285612073,0.9518729807722108,0.9524896413887444,0.9537097409011486
DSC01648,AVIF,3,Various,1.589307400001417,97.445331,4551557.0,29594657.0,84.62,1.0067325,48.1016628261581,0.9906727955359066,0.9910503676782612,0.9914067934508144,1.9888597,45.14476230746924,0.9786323510870168,0.978638007330346,0.978914848042258,3.8731906,42.25011490820308,0.9595796134234316,0.960273375119113,0.961352560994307
DSC01648,HEIC,1,Various,3.333737100001599,91.567762,774581.0,29594657.0,97.38,4.051684,42.054448058839775,0.9748224778444072,0.9780591346186808,0.9809697886932752,4.0035214,42.10638200538024,0.954955692135776,0.9520240716026136,0.9514156397012272,6.9346576,39.72055322344674,0.9275838136601384,0.9250777568227312,0.9254176161247004
DSC01648,HEIC,2,Various,4.064070000000356,94.846131,1854214.0,29594657.0,93.73,2.0323944,45.05072358209907,0.985614764845792,0.9871132913405656,0.988411063200651,2.684823,43.84164682780032,0.9677525605190314,0.967411268958811,0.9678271420111904,4.9423943,41.19142981189299,0.9466929085217246,0.9472577023178668,0.9485575421250032
DSC01648,HEIC,3,Various,9.335888600002365,96.023078,4363631.0,29594657.0,85.26,1.1636605,47.47254059790235,0.9906597456258988,0.9913915046683855,0.9920534898697296,2.0491223,45.01512468235078,0.9746176111496352,0.9747874040343288,0.9752697791548972,4.010198,42.09914520516175,0.9566254074931332,0.9575751554394112,0.9588283113844176
DSC01648,JPEG,1,Various,0.0469226999994134,72.03225,764245.0,29594657.0,97.42,15.519907,36.22191247659418,0.9273253396611744,0.9347401201833924,0.9417211998246376,8.090902,39.05083414119624,0.9424516567424692,0.9349529813823284,0.9297190066430544,11.864717,37.38823006677033,0.9096813327247898,0.9015561240975772,0.8967704452918763
DSC01648,JPEG,2,Various,0.0911565999995218,92.872565,1735918.0,29594657.0,94.13,3.780064,42.35581211586317,0.9757969363621573,0.978509419812571,0.9808081794553408,3.088038,43.23397745891714,0.9642529985880964,0.9636317470655592,0.9639765615159728,5.5372906,40.69783033675022,0.940954211097836,0.9412787586044056,0.942764663386668
DSC01648,JPEG,3,Various,0.2142796000007365,95.949957,4310462.0,29594657.0,85.43,1.6508842,45.95363756965203,0.9866642983009212,0.9877664023274748,0.988731038498702,1.7863231,45.61120351926241,0.977341950815234,0.9776393283886492,0.978137509434827,3.2175727,43.05552001210656,0.9631558685130254,0.964306040019618,0.9656036142153428
DSC01648,WEBP,1,Various,4.847227700000076,90.019438,754940.0,29594657.0,97.45,6.7600694,39.83129219270848,0.9584777504615228,0.964309668762253,0.9700406154978056,4.189296,41.90939345346087,0.9528958853648324,0.9485376867216492,0.946962747864977,7.165621,39.57826537402628,0.9248339457233168,0.920676237975513,0.9199761103806308
DSC01648,WEBP,2,Various,9.92847079999774,93.67604,1700020.0,29594657.0,94.26,3.0950673,43.22410266375062,0.9789572987794678,0.981496549152093,0.9837565926233072,2.5920808,43.99431823689148,0.967758715333959,0.966760032340634,0.9670323002407726,4.7441964,41.36917689780276,0.9472418484363953,0.9470234717436476,0.948217128396189
DSC01648,WEBP,3,Various,8.928559200001473,95.953496,4492890.0,29594657.0,84.82,1.2143166,47.287484187148266,0.9894014210138252,0.9901583871100555,0.9908648998687616,1.5690675,46.17438741465328,0.979862310516215,0.9798588755205048,0.9801790430545232,3.3938217,42.823913432532486,0.9618252082706324,0.962477191938878,0.9635580043731856
DSC01718,AVIF,1,Macro,0.8335282000007282,92.627013,777474.0,32740576.0,97.63,2.43433,44.267009124493526,0.9720407727575512,0.9744405633643468,0.9789554914103652,2.2584932,44.59261581213106,0.9726480661136158,0.9707657465475656,0.969917013961301,3.3880172,42.83134775573685,0.956003437690594,0.9539863843307154,0.9533824824170972
DSC01718,AVIF,2,Macro,0.9871649999986404,94.995608,1710286.0,32740576.0,94.78,1.7998418,45.57846033305137,0.9779848468247762,0.9800630791124048,0.9836306376531686,1.7522687,45.69479662735637,0.9769611390355436,0.9763016286991144,0.9762374996541288,2.5884295,44.00044014280481,0.9642475343574788,0.9638466712021042,0.9640648986172572
DSC01718,AVIF,3,Macro,1.501143499997852,96.882998,4629521.0,32740576.0,85.86,1.0432012,47.947122867395606,0.9868494158950822,0.9880842630781208,0.9901566095671216,1.4608268,46.48481643673685,0.9804127301541348,0.9801153505576764,0.9801829845988784,2.080917,44.94825619073325,0.971074034261326,0.9710141239258292,0.9713085877708896
DSC01718,HEIC,1,Macro,3.876833300000726,93.333341,810342.0,32740576.0,97.52,2.2459354,44.61683081945908,0.9739833297585322,0.9765094685416016,0.9808516973113848,2.3938293,44.33987164220679,0.970204069812956,0.9679235974822884,0.9668421445149836,3.4513595,42.750901730749405,0.954561989316832,0.9520410130030692,0.951110561484323
DSC01718,HEIC,2,Macro,4.848177299998497,94.713013,1791989.0,32740576.0,94.53,1.6566391,45.93852454599704,0.9801350544472832,0.9822119949105648,0.9856265985018564,1.9169295,45.30474248215853,0.9742302955710164,0.973253196773202,0.973040939136439,2.7185636,43.787408555852565,0.961931265710376,0.9611868997942108,0.9612439186777504
DSC01718,HEIC,3,Macro,6.512875799999165,95.725486,4781418.0,32740576.0,85.4,1.0218843,48.03678612931645,0.9876449538235308,0.9889911197735288,0.9911436225355024,1.4942869,46.38646356093507,0.9789226230372448,0.9787904320259038,0.9789915489652412,1.9957119,45.12982503492228,0.9713498360886876,0.97141911795376,0.9717808332811684
DSC01718,JPEG,1,Macro,0.0801553999990574,79.280394,757207.0,32740576.0,97.69,6.0650325,40.30247242769192,0.9447571573641744,0.9474790498546626,0.9556510503814424,4.1155095,41.98656737998323,0.9608629911569592,0.9544392006365188,0.9492724745428064,5.5774684,40.666432590928935,0.9437097339163756,0.9368422386514348,0.9317951772253666
DSC01718,JPEG,2,Macro,0.0883968000016466,92.960743,1716529.0,32740576.0,94.76,2.2336006,44.64074839704901,0.9741162971108352,0.9765722425226502,0.980685538859309,2.2110245,44.68486804573726,0.9716432003968498,0.9701536390443684,0.9695461686078916,3.2262325,43.04384696328327,0.956427238999992,0.9549289069146302,0.9545911461707488
DSC01718,JPEG,3,Macro,0.068044200001168,95.631792,4597107.0,32740576.0,85.96,1.3057677,46.97214455873,0.983592899428286,0.9852830494039916,0.9879364973061012,1.4667511,46.467239447430806,0.978598344550083,0.9785564282651434,0.978852590101158,2.2064116,44.693938362836754,0.9673574255730928,0.9675654135837348,0.9680923153984764
DSC01718,WEBP,1,Macro,4.513348099997529,92.887624,780926.0,32740576.0,97.61,3.0751631,43.25212222452846,0.9663299462866694,0.969258199920128,0.9749104955751982,2.5074348,44.13850699397912,0.9693252178618834,0.9660232214665326,0.9642736588145222,3.6006663,42.56697502552338,0.9532424071067628,0.9497628666475528,0.9483437671045272
DSC01718,WEBP,2,Macro,3.504200299998047,94.619497,1765494.0,32740576.0,94.61,2.1203575,44.86671265533012,0.974510536062094,0.977046989401309,0.9813259689922552,1.850382,45.4581899179814,0.9750114587115536,0.9736314408489152,0.9732421737502304,2.7238042,43.77904475334445,0.962079071462858,0.9607523435780636,0.9605411562528172
DSC01718,WEBP,3,Macro,8.241660200001206,95.833682,4509722.0,32740576.0,86.23,1.2148358,47.28562793014929,0.9844310024472273,0.98596326160542,0.9884744353481631,1.2531223,47.15086907333843,0.9818480798762612,0.9815517067530724,0.9816519060724374,1.8474778,45.465011174298766,0.9729853963194416,0.972832669646821,0.9730801197375768
DSC01820,AVIF,1,Buildings,2.446337900000799,93.460234,767553.0,28230113.0,97.28,3.3023615,42.94255753498943,0.9810362402664448,0.9842578212717248,0.98851808085776,3.274781,42.978980865425925,0.96805757533506,0.966821419513582,0.9672734062678212,5.28077,40.903831335465775,0.956301812804593,0.955796899343496,0.9573889874610187
DSC01820,AVIF,2,Buildings,1.7953307999996468,96.391869,1727919.0,28230113.0,93.88,1.6233382,46.02671347727176,0.9886599912143942,0.9903754529108696,0.9926602731381248,2.0864706,44.93668083837251,0.9786277236967826,0.97860401106526,0.979260963800018,3.4734867,42.72314725366642,0.970810612286946,0.9714367126832476,0.9727825192248958
DSC01820,AVIF,3,Buildings,3.3353784999999334,97.199929,4835747.0,28230113.0,82.87,0.85118365,48.83057074072444,0.9929698773192674,0.993851684349253,0.9950854415644538,1.6753843,45.88965935289175,0.9827658770879164,0.982960680089556,0.9835548324578414,2.893418,43.51669166775291,0.9764462916884168,0.977160865134434,0.9782266996115736
DSC01820,HEIC,1,Buildings,1.9104053000010024,94.080015,758929.0,28230113.0,97.31,3.0440366,43.2963047482241,0.9819446852427082,0.9850863202740324,0.9892369538856196,3.7926774,42.341344715276165,0.9644040824595368,0.962680211827036,0.9627758757031684,5.998097,40.3506687976238,0.9520502255273516,0.951251186633824,0.952653715407629
DSC01820,HEIC,2,Buildings,5.435682900002576,96.305017,1830324.0,28230113.0,93.52,1.463794,46.47600399154561,0.9896606827871912,0.991293322141562,0.9934281785851108,2.451384,44.23669015227985,0.9752627045035244,0.9752981420479648,0.9760776944474842,4.0722775,42.03242980737744,0.9668727954971488,0.9677547783748036,0.9692915767738056
DSC01820,HEIC,3,Buildings,5.51521529999809,96.906533,4685519.0,28230113.0,83.4,0.8768837,48.70138380279839,0.9928919919498548,0.9938696410928206,0.9951961606045284,1.9370317,45.259436093111056,0.9800558310170168,0.9805021480322113,0.9812568862399836,3.3728156,42.85087759151861,0.9732959661842568,0.9744029717966316,0.9756445561242628
DSC01820,JPEG,1,Buildings,0.0819298999995226,73.774953,761126.0,28230113.0,97.3,17.6494,35.66350387243456,0.9253035559353542,0.9331853150944172,0.946774156359262,12.81778,37.0526757939158,0.9314000749825015,0.9196773832880074,0.9104859100621332,18.689684,35.41478413358337,0.9049829269940568,0.8935707948730378,0.8865653955666494
DSC01820,JPEG,2,Buildings,0.1465614999979152,94.169666,1731899.0,28230113.0,93.87,3.2164316,43.057060540491925,0.9810767385352304,0.9842197014476444,0.9881088597674128,3.7130005,42.43355365163495,0.9643792283112008,0.9641043026491602,0.96508558818628,5.9584165,40.37949518311859,0.9510758458196024,0.9521855715676244,0.9545916808039708
DSC01820,JPEG,3,Buildings,0.0658575999987078,96.661681,4614503.0,28230113.0,83.65,1.1730372,47.43768597206633,0.9911128918228655,0.992413641884226,0.9940727736636144,1.7002581,45.82565483103362,0.98137640952087,0.9818808107640794,0.9827449946999118,2.8009207,43.65779539674877,0.9753031180957984,0.9764042874748284,0.9777870214773472
DSC01820,WEBP,1,Buildings,4.211572200001683,92.456498,750954.0,28230113.0,97.34,5.1984253,40.97208555687268,0.9709662788629266,0.9756162748370384,0.982344104425196,4.1612835,41.938530582839,0.960534521857731,0.9570076726595635,0.9563547817040062,6.424123,40.05266542474647,0.947092742164303,0.9442624470392756,0.9449190073767584
DSC01820,WEBP,2,Buildings,5.953150299999834,95.49765,1735066.0,28230113.0,93.85,2.3375494,44.44319560368699,0.9844837286126952,0.9870435055419844,0.9904084177218716,2.407173,44.31573069792455,0.974272676443079,0.9735519255035904,0.97418840333926,3.986063,42.12536202055793,0.9651046392526532,0.9650023139785304,0.9663397378036886
DSC01820,WEBP,3,Buildings,7.460737999997946,96.784644,4498958.0,28230113.0,84.06,0.8570318,48.80083410495173,0.992548534608992,0.9935366084048874,0.994860789872932,1.4514872,46.51267145897219,0.9840038246556904,0.9841345539212036,0.9846711774360204,2.627086,43.93606081222384,0.9778671771292607,0.978409116713099,0.9792883489632678
DSC01831,AVIF,1,Buildings,0.9222943000022495,94.231447,770453.0,31159642.0,97.53,2.5757174,44.02182128574296,0.9766754633493676,0.9790515028685663,0.982546408209487,2.2009532,44.70469553039904,0.9756223533089242,0.9739467486386336,0.9730503488065112,3.7029552,42.44531902133949,0.9596854417099614,0.957907952381298,0.9573716270952592
DSC01831,AVIF,2,Buildings,1.1064110000006622,96.191806,1776651.0,31159642.0,94.3,1.6714556,45.89985491588196,0.9824284737858692,0.9839607951872892,0.9862586973923628,1.6687506,45.90688917306872,0.9800407743855912,0.9792818871505456,0.9789323041418057,2.6807268,43.84827821446798,0.969279410636465,0.9688893684691088,0.9689518090582602
DSC01831,AVIF,3,Buildings,1.2683142999994743,97.36422,4232734.0,31159642.0,86.42,0.99799585,48.13951628667503,0.9883439481010794,0.9892455405083036,0.9906071469320388,1.4298761,46.577819593748416,0.9823536421899542,0.9819346955232764,0.9817662511487188,2.2505221,44.60797070566714,0.9741215418334146,0.9740824903266104,0.9742390033911016
DSC01831,HEIC,1,Buildings,2.6785173999996914,94.391351,732244.0,31159642.0,97.65,2.4847548,44.17796818752744,0.9774708494008436,0.9799516187498029,0.9834592645856316,2.3545308,44.41175977800994,0.9735474428662888,0.9712196163290344,0.9696555677602452,3.9426923,42.172874699468906,0.9564285573217152,0.954017100200324,0.9529071638994526
DSC01831,HEIC,2,Buildings,2.604593200001545,95.904901,1777825.0,31159642.0,94.29,1.5794334,46.145790127106295,0.9839782163378368,0.9856704793453396,0.9880383498009764,1.8333493,45.498351213734274,0.9772009985334276,0.976098219014482,0.9755240480360576,2.927,43.46657619545397,0.965136907154692,0.9646533324178268,0.964660002019185
DSC01831,HEIC,3,Buildings,5.109235299998545,96.602585,4599538.0,31159642.0,85.24,0.9824096,48.207877676280205,0.98927750718645,0.990357007210165,0.9918810795647912,1.4547602,46.502889641152834,0.9807038075418344,0.980385489630874,0.9802941827204787,2.2577145,44.59411336937069,0.9728327966618168,0.9730466599552156,0.9733028292525276
DSC01831,JPEG,1,Buildings,0.0807585000002291,80.957571,752392.0,31159642.0,97.59,8.766907,38.70233968540745,0.942912660353306,0.9474017220211916,0.9554300821872328,4.465392,41.63220764592072,0.965083203437582,0.9595411573622596,0.9544678993647396,8.296001,38.94211535879295,0.9350870472775368,0.9260472764998876,0.9184680347028432
DSC01831,JPEG,2,Buildings,0.0886496000020997,94.68677,1737501.0,31159642.0,94.42,2.3344595,44.44893996744529,0.9785005627545716,0.9807687360687308,0.9838321443667754,2.0396874,45.03516742907775,0.9752504396745134,0.9740395309928476,0.9733580820585424,3.4487865,42.75414030153077,0.9596161425817964,0.9587423317328344,0.9586260462186452
DSC01831,JPEG,3,Buildings,0.1095717000025615,96.456535,4470408.0,31159642.0,85.65,1.2582922,47.13298869412953,0.9861758865977313,0.9874929908757172,0.9892836224581552,1.3778886,46.73866262217906,0.9808464052772208,0.9806097426265084,0.980601480505235,2.1397095,44.82725564327977,0.97166656029056,0.9719870828753078,0.9725073337161698
DSC01831,WEBP,1,Buildings,8.325931399998808,93.490114,745530.0,31159642.0,97.61,3.5435162,42.6364596065647,0.969871588783763,0.9730513177432644,0.9779417057950376,2.3387012,44.441056019201184,0.972744242231616,0.969878283600235,0.968165649373328,4.0674863,42.03754267486076,0.9544269574286792,0.9507617207135016,0.94910910029874
DSC01831,WEBP,2,Buildings,4.985487499998271,95.46478,1681668.0,31159642.0,94.6,2.0064518,45.106516281841735,0.9798483345582872,0.9819010028556964,0.9848558298229886,1.6468087,45.964372121589925,0.9788319890866994,0.9776327273579976,0.9771075435898956,2.7374792,43.75729538859442,0.9666345372052232,0.9654988105525152,0.9652095934798038
DSC01831,WEBP,3,Buildings,8.439697600002546,96.691504,4654482.0,31159642.0,85.06,1.0068437,48.10118320004769,0.988234407993008,0.9892836653671262,0.9907620399748972,1.1571037,47.49708090581856,0.9841349320599986,0.9837805798626276,0.9836515396173612,1.9191731,45.29966184136151,0.9758211120022826,0.9756801829591624,0.9757451394080512
DSC01881,AVIF,1,Smooth,0.9073779000027572,93.210745,766538.0,27563572.0,97.22,3.2931755,42.95465472097107,0.9791111941874304,0.9806463919293898,0.982531401689926,3.24474,43.019004684360766,0.9719325035046524,0.971917678544048,0.972994244014428,4.7641344,41.35096359227209,0.9589188205424698,0.9582589204270312,0.958569669585258
DSC01881,AVIF,2,Smooth,1.08712530000048,96.145119,1772108.0,27563572.0,93.57,1.646673,45.96472999896334,0.986210945767669,0.9868949831836704,0.9878431768150592,2.1996672,44.707233681708345,0.979969336089103,0.9802613872154256,0.981031302023782,3.2108386,43.064618874008005,0.9707672455564912,0.9708536614264978,0.9712965361407236
DSC01881,AVIF,3,Smooth,1.642270100001042,97.158885,4639404.0,27563572.0,83.17,0.8590049,48.790847190068135,0.9906976856909624,0.9910260246938294,0.9915496327884364,1.8851665,45.37730624131783,0.9825614288922662,0.9829226714032824,0.98365664220807,2.7629232,43.71711535580069,0.9749502006366904,0.975232419955642,0.9757134660771908
DSC01881,HEIC,1,Smooth,4.37827710000056,93.696459,795217.0,27563572.0,97.11,2.9620478,43.41488313416636,0.9806447170307038,0.9821635531980518,0.9840030438238572,3.6681647,42.48631512407668,0.9675797160960252,0.9672972865318114,0.9683012663657602,5.0151,41.12800750951714,0.9562884448888036,0.9552928617092168,0.9553134416727166
DSC01881,HEIC,2,Smooth,2.5243131999995967,95.986376,1857407.0,27563572.0,93.26,1.5264444,46.29399364452905,0.9876958313187236,0.9884734526959794,0.9894359370956728,2.5201783,44.11649097173342,0.9762272523239678,0.9766919214341228,0.9777251599854918,3.5446758,42.63503844547298,0.9675150423535256,0.9676656225803208,0.968163667337858
DSC01881,HEIC,3,Smooth,3.6872309999998834,96.649721,4251384.0,27563572.0,84.58,0.91888803,48.49817743862771,0.9911752813731528,0.9916194845170132,0.9922459830340984,2.0464778,45.02073332775872,0.980119485686071,0.9807753515761952,0.9817447209179369,2.922961,43.472573472571625,0.9730068760450976,0.97350373861577,0.9740659161126298
DSC01881,JPEG,1,Smooth,0.0424841999993077,78.012989,754182.0,27563572.0,97.26,11.998187,37.33964737731791,0.9393506793075448,0.940951888651274,0.9438543756520194,8.338962,38.91968382741332,0.9490532899683384,0.9442739798157826,0.9414142139774406,10.3990965,37.96084766063582,0.9327580953870416,0.9265936731610236,0.9218665711064904
DSC01881,JPEG,2,Smooth,0.3147848999979032,94.3667,1724621.0,27563572.0,93.74,2.9490998,43.433908979127935,0.9802654281392932,0.9816861440981376,0.9832795532127224,3.0401573,43.30184293881342,0.9723912713014884,0.9729310419275092,0.9741105221880948,4.413955,41.68252440109938,0.9608453596105936,0.9610584000197564,0.9616726730561396
DSC01881,JPEG,3,Smooth,0.0723034000002371,96.429391,4390929.0,27563572.0,84.07,1.2837695,47.04593315923256,0.9885754636503526,0.98925217801808,0.9900827825874344,1.6492373,45.957972181176096,0.9825847773923224,0.9831613888969396,0.9839925761588724,2.4276717,44.278904156492544,0.975533799465739,0.9760099466733168,0.9766019268629684
DSC01881,WEBP,1,Smooth,2.6406055000006745,92.926635,754814.0,27563572.0,97.26,4.8462744,41.27672362577894,0.9695447103677196,0.9717321677133718,0.9747381064702846,3.7140722,42.43229997382325,0.9661995331134792,0.9644920391462288,0.9649121942806224,5.090975,41.06279397905115,0.9539075841618616,0.9515713689619544,0.9511111859446963
DSC01881,WEBP,2,Smooth,9.574859899999865,95.583833,1809656.0,27563572.0,93.43,2.1010754,44.90638727596601,0.9828943411574796,0.9839615690266068,0.9853689655757276,2.154431,44.79747761834725,0.9779712263618804,0.9778470910488776,0.9786086690595368,3.2116883,43.06346983248968,0.968438639215702,0.9679706029612628,0.9682881905589916
DSC01881,WEBP,3,Smooth,14.590993699999672,96.766301,4697496.0,27563572.0,82.96,0.8755059,48.70821281434526,0.9904378937368256,0.9908769032284525,0.9915051148015882,1.5684187,46.176183315789736,0.9836278035577796,0.9839472252339814,0.9846321545367926,2.4351692,44.26551224885874,0.9761083987244475,0.9762858915075552,0.9766956355410652
DSC01967,AVIF,1,Buildings,1.165565199997218,93.314245,764118.0,29431968.0,97.4,2.8062196,43.64958724430498,0.9797909133616424,0.9826290838063064,0.9868160458950388,2.7966554,43.664414172677645,0.9712979885010442,0.9693773542389948,0.9685193715716082,4.3643527,41.73160507600416,0.960257288680194,0.958833369333595,0.9588018369125856
DSC01967,AVIF,2,Buildings,1.8927752999989025,96.430584,1720948.0,29431968.0,94.15,1.5076336,46.34784571497871,0.9871744061700124,0.9888892823012264,0.9913721405918046,1.7913923,45.59889660076564,0.980333581296127,0.9799227369937332,0.9798830802062788,2.7487106,43.7395135134092,0.9736824917909396,0.9737497472518636,0.9741851535001634
DSC01967,AVIF,3,Buildings,2.9902774000001955,97.184146,4722730.0,29431968.0,83.95,0.8288613,48.94598483827531,0.9918724070379434,0.992827599471692,0.994237411607192,1.4277424,46.584305003232,0.984246757182125,0.984158345749595,0.9842353651945884,2.2104168,44.686061946392286,0.979222525332168,0.9795229776942976,0.9799180550367116
DSC01967,HEIC,1,Buildings,2.0439683999975387,93.884407,744506.0,29431968.0,97.47,2.6749344,43.85767233201628,0.9805729797807357,0.9835624786612857,0.9878025964340228,3.2817073,42.96980506467942,0.9673752248080446,0.964659908905288,0.963109845175654,4.9289174,41.203288067027344,0.9561120482830764,0.9541452687362304,0.953677414322952
DSC01967,HEIC,2,Buildings,4.619654999998602,96.213207,1813999.0,29431968.0,93.84,1.371386,46.759206208164045,0.9885423205900248,0.9902109872009528,0.9925248025247576,2.1087708,44.89050967429512,0.9768518774145388,0.9763370460606692,0.9762092821375976,3.168878,43.12174834886844,0.9700714599866286,0.9702512327850816,0.970707924651991
DSC01967,HEIC,3,Buildings,7.731194199997844,96.839297,4631303.0,29431968.0,84.26,0.838091,48.897891782973375,0.9922257741449446,0.9932735325444764,0.9947519739854032,1.6433934,45.97338825407392,0.9813822532135438,0.9814655616901896,0.9815978676676412,2.5156214,44.124350833343584,0.9765010794098014,0.9770933696948644,0.9775679652499136
DSC01967,JPEG,1,Buildings,0.0588887000012618,74.784581,757640.0,29431968.0,97.43,13.044555,36.97651081948166,0.930460207543973,0.935776270740905,0.9474364174731518,8.883276,38.64507199107677,0.9444052456680554,0.9329857775872782,0.9218136620731908,13.458963,36.84068728685728,0.9210418105347836,0.9094106042695752,0.899933681145345
DSC01967,JPEG,2,Buildings,0.0859560999997484,94.144567,1722784.0,29431968.0,94.15,2.6189077,43.9496018504721,0.9804092268408678,0.983176563084832,0.9869238083723866,2.9363236,43.45276450690466,0.9687116823979536,0.9676164080162564,0.9672679819229512,4.7140193,41.396889917955775,0.9563412146699836,0.9561238911509335,0.9566566527499256
DSC01967,JPEG,3,Buildings,0.1086844000019482,96.583398,4565303.0,29431968.0,84.49,1.0823295,47.78720859910759,0.990214227613231,0.9915580336740942,0.9933764234513388,1.5305333,46.28237579197085,0.9816377059580234,0.9817828018766478,0.9820514764949612,2.312055,44.49082186342931,0.97603230070922,0.9766770672651984,0.9773794480532598
DSC01967,WEBP,1,Buildings,6.107486600001721,92.851076,759978.0,29431968.0,97.42,3.9061058,42.2133638716572,0.9726144712347208,0.9762358170567316,0.9821220661547776,3.4001493,42.81582372060165,0.965606538744625,0.9616127229275692,0.9595712353678794,5.15095,41.01193021521112,0.9534212223004436,0.9498276597976582,0.9487494979290348
DSC01967,WEBP,2,Buildings,3.398552599999676,95.276712,1703694.0,29431968.0,94.21,1.9424202,45.24737157237696,0.9843071747585744,0.9866022311280108,0.9898144753025436,1.9995358,45.12151189005959,0.9772016199890422,0.9760839701877136,0.9758500638216024,3.0382152,43.304618503468895,0.9700464120080928,0.9694063052575544,0.969702773972899
DSC01967,WEBP,3,Buildings,8.19670010000118,96.714958,4359568.0,29431968.0,85.19,0.9047396,48.565567561379424,0.9912503263300608,0.9923711263807958,0.9939589935819464,1.2654734,47.10827347744045,0.9848517123805766,0.984691923553456,0.9847392242525024,2.0377178,45.03936320442893,0.979903768416972,0.9800334975513988,0.980321689979688
DSC01979,AVIF,1,Low light,0.9223970000020928,83.961065,750542.0,49239522.0,98.48,33.435158,32.88876973944517,0.7620974239427533,0.787668310445687,0.8252694404717483,36.43916,32.51512006897841,0.676243540030612,0.6707903455451363,0.676509408980472,40.339508,32.07349777454767,0.6637517375464147,0.6586830226008505,0.6640044393063047
DSC01979,AVIF,2,Low light,1.2356093999987934,89.264646,1674889.0,49239522.0,96.6,23.875465,34.351285086103864,0.8376497991857984,0.8566423739023707,0.8823207327028493,30.848886,33.238408791970215,0.7185949040245809,0.7223408157030035,0.7311476752542252,33.66858,32.858555708648936,0.7122870290770679,0.7165206386840359,0.7249748506843515
DSC01979,AVIF,3,Low light,1.4721828000001551,94.256188,4281766.0,49239522.0,91.3,11.844417,37.39566704987892,0.9205103450603072,0.9301512626306572,0.942580323341588,20.684137,34.97442943336282,0.8114490665636783,0.8188037561323024,0.8265021725460798,22.328426,34.64222246098898,0.8105822113839689,0.8179489556512167,0.8251799816693284
DSC01979,HEIC,1,Low light,2.210363199999847,87.65834,815229.0,49239522.0,98.34,31.127007,33.19943007980872,0.7737115519200651,0.7992678743390744,0.8359682734578582,37.258343,32.418568265140664,0.6706757745140728,0.6622133461395717,0.6648921987301329,40.791954,32.02505844072831,0.660366827646368,0.6528895117861585,0.6553810462363587
DSC01979,HEIC,2,Low light,4.270464199998969,90.991404,1799754.0,49239522.0,96.34,21.200727,34.86729609162473,0.8548914618773081,0.8725942886031369,0.8963152655020403,32.3594,33.030798848214616,0.7102225064981247,0.712227553382863,0.7194805119142005,34.989746,32.691395733476085,0.706439530172718,0.7093859467592245,0.7162600123105166
DSC01979,HEIC,3,Low light,3.978742700001021,93.72148,4365098.0,49239522.0,91.13,10.130636,38.07443655214398,0.9350999855920348,0.9434241620792088,0.9540876391651908,23.436613,34.43185493459667,0.795571219678363,0.8029767141167481,0.8107363845994174,25.179342,34.120359781597145,0.7960209246980064,0.8035082253404718,0.8106954811257451
DSC01979,JPEG,1,Low light,0.0787918999994872,68.441097,738191.0,49239522.0,98.5,48.69614,31.255858127274013,0.6827622654114914,0.7089943989025624,0.7559212033221506,47.24669,31.38708965152149,0.6374274409812288,0.6166526477240706,0.6102962623361974,51.863785,30.982161470174425,0.6193639255189922,0.5975905511329946,0.5905744806440062
DSC01979,JPEG,2,Low light,0.119852499999979,86.970766,1713201.0,49239522.0,96.52,29.604828,33.41717836117292,0.7993172773143197,0.8219572485117396,0.8527648070813264,35.207222,32.664486112367264,0.69553282318278,0.6966133471010026,0.7050924187362332,38.9541,32.225271650870866,0.6847903073814708,0.6864713082848536,0.6946737144759265
DSC01979,JPEG,3,Low light,0.2036991999993915,94.199158,4553017.0,49239522.0,90.75,16.095097,36.06386771502401,0.8930863688678932,0.9058749811412474,0.922178528452766,25.191013,34.118347106293925,0.7750374183376666,0.7851879093562576,0.7948196645544334,27.518486,33.73455824357427,0.7699838552237879,0.7804729048419126,0.78980180303255
DSC01979,WEBP,1,Low light,6.361772399999609,89.163587,771082.0,49239522.0,98.43,35.648727,32.61036343558852,0.7321110817738676,0.7591568195768988,0.8023083727220435,38.62966,32.261594573879194,0.6589099711364905,0.6438092138561868,0.6437808669412244,42.512985,31.845587704505903,0.6458825275589769,0.6306546484660901,0.630293864446479
DSC01979,WEBP,2,Low light,10.135637499999577,91.946492,1766398.0,49239522.0,96.41,25.518267,34.06229175659205,0.813719263975556,0.8359593484828373,0.8663710053657319,32.353786,33.03155252829774,0.7073646567188628,0.7044239133920062,0.7110281470162317,34.86507,32.70689808436537,0.7027441634529387,0.7006648495183353,0.7072189532845835
DSC01979,WEBP,3,Low light,12.221359299997856,93.72715,4533088.0,49239522.0,90.79,11.77278,37.422013048904624,0.9245939446502102,0.9340806292397036,0.9459244991660228,20.75652,34.95925840192769,0.8150745580287769,0.8208298655184489,0.8280346180800886,22.231195,34.661175330208934,0.8147966533616771,0.8206503361191074,0.8274099465431703
DSC02150,AVIF,1,Buildings,1.2906822000004468,92.774007,778963.0,26781690.0,97.09,3.3148394,42.926178903665246,0.9830019245498902,0.98647993635615,0.9902291240021308,3.2416658,43.02312111577976,0.9678683089313884,0.9664040369920758,0.9660239021580128,4.622822,41.48173206127419,0.9570177591826108,0.9559827788358553,0.9562483040001026
DSC02150,AVIF,2,Buildings,2.1161269000003813,96.257238,1702726.0,26781690.0,93.64,1.5848242,46.130992842292144,0.9905623403815856,0.9921553075064372,0.993874663312362,2.063018,44.98577328131375,0.978905005720164,0.9787698135143884,0.978945530456946,2.9060225,43.49781391935669,0.9722826007145688,0.972518008122206,0.9730281290642168
DSC02150,AVIF,3,Buildings,2.809117900000274,97.212959,4662961.0,26781690.0,82.59,0.8330206,48.92424591556564,0.9939002418484248,0.9946008524999872,0.9954582825519254,1.6353272,45.99475687360776,0.983402150959381,0.983482494744236,0.9836875173766124,2.3445323,44.43024163767144,0.978057874255542,0.9784138792541612,0.9788186315036792
DSC02150,HEIC,1,Buildings,3.146346800000174,93.519666,782216.0,26781690.0,97.08,3.055463,43.28003311563318,0.9838536269011348,0.9871787583313,0.9907956717942512,3.7237647,42.42098112811103,0.9641753402068052,0.961790710815882,0.9606190387885848,5.201901,40.96918291667712,0.9533775287221558,0.9515656781832512,0.951220352841294
DSC02150,HEIC,2,Buildings,3.5489908999988984,96.059232,1834600.0,26781690.0,93.15,1.4243613,46.59460180201423,0.991198932280498,0.9927144692078664,0.9943669508326498,2.370052,44.38322463686672,0.9755602923587572,0.9753077714873544,0.9753696837298544,3.3193905,42.920220089453416,0.9691566191136044,0.9694009545752924,0.9698903500085888
DSC02150,HEIC,3,Buildings,3.5433524000000034,96.811224,4692750.0,26781690.0,82.48,0.84333885,48.870782730955646,0.9936746606368512,0.9945138037987976,0.9954955210055828,1.8513343,45.45595516030599,0.9802480091701316,0.9804308636843544,0.9806590910428404,2.63221,43.92759827724824,0.9754557633357648,0.9759880012886388,0.9764393991152536
DSC02150,JPEG,1,Buildings,0.0768850000022212,72.10022,749747.0,26781690.0,97.2,17.364862,35.73409011985264,0.9331381301476492,0.9434031174670476,0.9566987423818202,11.709948,37.44525420375907,0.9402341601500784,0.928953603093958,0.9180529279367474,16.303373,36.00802897253366,0.9183895881240276,0.9063968142149064,0.8967141038858868
DSC02150,JPEG,2,Buildings,0.0505932000014581,93.979154,1721576.0,26781690.0,93.57,2.8741486,43.545711542629945,0.9844210659812708,0.98741391782275,0.99044107821796,3.367724,42.8574387983726,0.9654984108090124,0.965011320674268,0.9652506326975556,5.0216837,41.122310231462265,0.9533219774732764,0.9535246923379256,0.9543681591196772
DSC02150,JPEG,3,Buildings,0.1110834999999497,96.594577,4755317.0,26781690.0,82.24,1.070083,47.83662882727241,0.9926007942589786,0.9936621050186942,0.9948164712252694,1.6641054,45.918995076775744,0.9814291211333884,0.981682529582179,0.9820032955107488,2.365145,44.39222594861099,0.9763143360941658,0.976922058894895,0.9775419193479048
DSC02150,WEBP,1,Buildings,3.656816200000321,91.724638,763178.0,26781690.0,97.15,4.8093333,41.30995481532514,0.9749345055680192,0.9800443147695944,0.985986576342645,3.8030436,42.32949033477666,0.962060840865892,0.958494669449332,0.9568472236897712,5.448762,40.76782515188583,0.950430990785748,0.947145462183528,0.9460681573702492
DSC02150,WEBP,2,Buildings,7.224978700000065,95.071037,1750696.0,26781690.0,93.46,1.9562943,45.216461631529306,0.9884884128899882,0.9906496709252844,0.9929563983584824,2.0562217,45.00010417558058,0.9770417330438678,0.9764297656301458,0.9765026919002344,3.053535,43.28277445247616,0.970077022100177,0.9697143634085496,0.9700406817222146
DSC02150,WEBP,3,Buildings,12.78682579999804,96.711867,4508320.0,26781690.0,83.17,0.73426914,49.47225079610874,0.9941768966234088,0.994898191723153,0.9957392950383614,1.3614073,46.79092307435074,0.984652236937246,0.9847098940968008,0.984889624564883,2.1776743,44.75087445606082,0.9789815599321734,0.9791544662259012,0.9793704220682866
DSC02219,AVIF,1,Smooth,0.8688523000018904,94.517128,768581.0,28159948.0,97.27,2.9557576,43.42411538003012,0.9721977144753868,0.9735615897216776,0.9751769766281894,2.7305956,43.768229813867656,0.975718650585274,0.9754440242609588,0.9756245590534848,6.6400547,39.9090869523704,0.9386666546647184,0.9400018405677242,0.942585301364122
DSC02219,AVIF,2,Smooth,1.0526694000000134,96.196294,1766944.0,28159948.0,93.73,1.9063909,45.32868390207375,0.9796495176682914,0.9804987838581208,0.9815186517658682,2.3371248,44.443984376220826,0.9785208078178272,0.9784724516952176,0.978747324774376,5.5043797,40.7237197980919,0.9480506835063098,0.9497622154590728,0.9521598362218114
DSC02219,AVIF,3,Smooth,1.4422552999967593,97.286001,4344692.0,28159948.0,84.57,1.0047296,48.11031142873453,0.9881918481745738,0.9885383262008818,0.988958981095074,2.1134238,44.8809375313469,0.980196435086518,0.9802206747617253,0.980483005526558,5.0568686,41.091986868773496,0.9523581766844942,0.9540467457617868,0.9562602907885174
DSC02219,HEIC,1,Smooth,2.747883300002286,94.054126,709017.0,28159948.0,97.48,3.1267533,43.17986742700211,0.9717980513108698,0.97349495746538,0.9754079817663154,3.1443937,43.15543438424189,0.9672712032266624,0.9663872545212926,0.966400046667514,7.9167223,39.145349741594174,0.9267402613235248,0.9281657130301592,0.9313734837433502
DSC02219,HEIC,2,Smooth,5.102698900001997,95.661022,1582610.0,28159948.0,94.38,2.0532894,45.00630198452836,0.9801031225407508,0.9812226351003428,0.982426095081336,2.548306,44.06828782575359,0.9719700810616247,0.97171523280699,0.9719711097900676,6.489611,40.00861668739965,0.9387736405894282,0.940877384305254,0.9438266810195084
DSC02219,HEIC,3,Smooth,3.8878924999989977,96.710268,4860160.0,28159948.0,82.74,1.0276148,48.01250009555489,0.9892564695244956,0.9897555792413782,0.9903079978061876,2.0122397,45.094006428992856,0.976464710219549,0.9766693405406078,0.9770905629276112,5.2563415,40.92396784589447,0.9509048529010212,0.9531314884848624,0.9556041974241252
DSC02219,JPEG,1,Smooth,0.0779051000026811,83.963662,752646.0,28159948.0,97.33,8.47269,38.85059070568134,0.9443803902032668,0.9464212551553122,0.948539483390197,6.231379,40.18496192594274,0.9552371880330852,0.9514967037213636,0.9487657306623736,12.700188,37.09270209481056,0.9035562448906402,0.9013353122941252,0.9027168813892762
DSC02219,JPEG,2,Smooth,0.0872946999988926,95.10545,1740175.0,28159948.0,93.82,2.85156,43.57997827336108,0.9731895536725416,0.9746371743284636,0.9761681289791346,2.49293,44.16370289211143,0.972912503472482,0.9727835966935312,0.9730240477605312,6.531177,39.98088892224671,0.9373114770641716,0.9394685812446024,0.9426164840528428
DSC02219,JPEG,3,Smooth,0.1093428000021958,96.544008,4613807.0,28159948.0,83.62,1.5260581,46.29509304626133,0.9831051673526998,0.9839292642274244,0.9848307018341036,1.6085635,46.06642138957979,0.9799614948208992,0.980141245291444,0.980487209890949,3.9479978,42.16703435864626,0.9586050147728438,0.9605252230139738,0.9627144146161404
DSC02219,WEBP,1,Smooth,4.521935799999483,94.233025,766886.0,28159948.0,97.28,4.1723614,41.92698452119834,0.963683806577086,0.9658750245972256,0.9685869646811128,3.1459606,43.15327098412545,0.9660915775459272,0.9641557613305352,0.9637936830449314,7.909415,39.149359977047126,0.9246558158707346,0.9244453745776224,0.927271357832028
DSC02219,WEBP,2,Smooth,6.493158700002823,95.611596,1730028.0,28159948.0,93.86,2.4073577,44.31539752222128,0.9756312211625504,0.9769057921019,0.9783935378883958,2.0815964,44.94683845108872,0.9751330261602722,0.974553746812662,0.9747211697143936,5.4864593,40.73788207500158,0.9449145855217806,0.9461192086175176,0.9485518306506344
DSC02219,WEBP,3,Smooth,15.243469200002435,96.605658,4624194.0,28159948.0,83.58,1.2117515,47.29666823318731,0.985500052075498,0.9860796982058684,0.986768167247176,1.5921178,46.1110517334706,0.9802224600287336,0.9802111980832148,0.9804636305095372,4.605313,41.49821210107546,0.9533794514882042,0.9549741272618284,0.9571777640924348
DSC02220,AVIF,1,Smooth,0.9379226999990352,93.839955,752839.0,27684311.0,97.28,3.1623223,43.13074223984359,0.9771249482481194,0.979701046425446,0.9825561545939973,3.7488098,42.39186970002906,0.9693484760917777,0.9698041665827488,0.9712747076416968,6.4955797,40.00462463916468,0.9444656827189148,0.9461806521259042,0.94991988233654
DSC02220,AVIF,2,Smooth,1.0478482999969856,96.276377,1682403.0,27684311.0,93.92,1.8704875,45.41125544481525,0.9834946589755416,0.9850173399737806,0.9867527161839236,2.898255,43.50943767838927,0.9762626828283194,0.9768992005396936,0.9780201393480966,4.9379478,41.19533860354363,0.9570841235790782,0.9589951248505196,0.9618979183541714
DSC02220,AVIF,3,Smooth,1.6654072000019369,97.26369,4193114.0,27684311.0,84.85,0.99526125,48.15143272902318,0.9897598112040852,0.9904710714069818,0.9912935368352044,2.5666492,44.03713844159227,0.9788419089678302,0.9794362937852334,0.980387590481586,4.3893356,41.7068155887961,0.9620577470748574,0.96382155803109,0.966296632747054
DSC02220,HEIC,1,Smooth,2.459849099999701,93.959078,722877.0,27684311.0,97.39,3.2055485,43.0717802276008,0.9767349545684622,0.9794936209555216,0.9826112722223848,4.5313168,41.568559501000266,0.9602551674314784,0.9607943278383344,0.9626597744773548,7.413742,39.430428732568565,0.9355703098425044,0.9374000977921462,0.9416370692284252
DSC02220,HEIC,2,Smooth,4.639136299996608,95.93708,1610722.0,27684311.0,94.18,1.9236829,45.28946864145938,0.9841464084915066,0.985932685786249,0.9878706128282416,3.4323835,42.774845354869264,0.9686093358208157,0.9696892640995968,0.971314095447802,5.844523,40.46331279191145,0.9480211730233928,0.9506391799704368,0.9543279211644656
DSC02220,HEIC,3,Smooth,3.8498357999997097,96.807243,4724132.0,27684311.0,82.94,1.0266339,48.0166477424858,0.9905161910693686,0.9914232986792628,0.992424218131478,2.8034256,43.653913415690255,0.9735544796159932,0.9747971171066776,0.9762392077713514,4.7882996,41.32899051633048,0.9576734292468748,0.9602535812682004,0.9632076552398228
DSC02220,JPEG,1,Smooth,0.0791228000016417,78.209729,751894.0,27684311.0,97.28,12.8407755,37.04489090672909,0.934948156074614,0.94021446489354,0.9470790014263054,11.199291,37.638898146778914,0.931438908549828,0.9264553039852498,0.9245443045920004,14.96793,36.37918617221786,0.9017263169924792,0.8982900063884142,0.9003408818619129
DSC02220,JPEG,2,Smooth,0.0516525000020919,94.664549,1717086.0,27684311.0,93.8,3.086621,43.235970583282096,0.9770990040096584,0.9796188670396374,0.9822888621233852,3.4852684,42.708441302171344,0.9684716247535832,0.9694646461660268,0.9711122405958432,5.893042,40.42740820733084,0.9467580633441748,0.94930497841505,0.9533391091597946
DSC02220,JPEG,3,Smooth,0.0705729999972391,96.668388,4755525.0,27684311.0,82.82,1.3756558,46.74570600532101,0.986890719494572,0.9880963463446422,0.9894189862710392,1.7195758,45.77659035277744,0.9819284121601526,0.9827921259974224,0.9838229521736244,3.0715144,43.25727789661493,0.9683648660276312,0.9705118064419336,0.973180038569652
DSC02220,WEBP,1,Smooth,7.364123799998197,92.968148,763234.0,27684311.0,97.24,4.934108,41.198717415215,0.9659834585799442,0.9698994633144848,0.9746951014993888,5.058309,41.090749842894425,0.955620706846982,0.9534944049090264,0.9544632793815612,7.73193,39.247924656885175,0.9318493340124804,0.9311881172896318,0.9347488301171706
DSC02220,WEBP,2,Smooth,6.514365999999427,95.454592,1687710.0,27684311.0,93.9,2.538288,44.08539460005261,0.9793612418327068,0.9816163228624704,0.9841459488843334,3.0198314,43.33097646715644,0.9704775533426324,0.9704922874155608,0.9717007974663372,5.3617654,40.83772542266829,0.9496479663270088,0.9510068368063246,0.9542901434152576
DSC02220,WEBP,3,Smooth,9.979594899999938,96.713043,4593652.0,27684311.0,83.41,1.0961972,47.73191647551674,0.9885901244269796,0.9895286272936186,0.990608009610468,2.0685072,44.974233136111,0.979482430504128,0.9800534368498932,0.9810164040946832,3.8368316,42.2910764459819,0.9641348295633104,0.9657460840066718,0.968084891930067
DSC02268,AVIF,1,Various,0.7640205000025162,93.776593,743814.0,28547802.0,97.39,2.6615477,43.87946104405518,0.9797966356706616,0.9813577946071124,0.9832649522802178,2.3145058,44.48622092320436,0.9768786447354292,0.9762026505103312,0.97631774578472,3.8443031,42.28262724885636,0.9588780995119074,0.9579103694578008,0.9584219823928104
DSC02268,AVIF,2,Various,1.1038264999988314,95.972328,1704410.0,28547802.0,94.03,1.5330706,46.275182314361736,0.9856431340942292,0.9863199950872872,0.9873075653727268,1.8486712,45.46220698176604,0.980958353373633,0.9806974453561784,0.9809156745778423,2.8741183,43.54575728311226,0.967627638258979,0.9675090823882792,0.9681604773463164
DSC02268,AVIF,3,Various,1.617557500001567,97.113859,4616516.0,28547802.0,83.83,0.8803521,48.684239570520205,0.9899007754272756,0.99021917092808,0.9907701953554264,1.612614,46.0554993284622,0.983154027018329,0.9830666673279872,0.9833508078285452,2.4600573,44.22135160182635,0.972042233976337,0.9721992537221684,0.9728750333423214
DSC02268,HEIC,1,Various,1.7845263999988674,94.073489,784131.0,28547802.0,97.25,2.4666653,44.20970150662932,0.9811024568304682,0.9826680633445012,0.9845670541629205,2.759041,43.7232218963607,0.9701292536909752,0.9689878103418994,0.9691290678484537,4.0530725,42.05295999232244,0.9542913980557302,0.9526758054537324,0.9529305293672417
DSC02268,HEIC,2,Various,4.035914299998694,95.772029,1777032.0,28547802.0,93.78,1.4936537,46.3883044341918,0.9867579654314595,0.9876361356984796,0.9887515488901002,2.0328455,45.04975976506563,0.976848728014823,0.9765598760375812,0.9769696709994242,3.0664215,43.264485170542,0.9633654578246738,0.9632035700127284,0.9639812360968972
DSC02268,HEIC,3,Various,13.09236830000009,96.526728,4565974.0,28547802.0,84.01,0.93432486,48.42582475622443,0.9905613568580172,0.9910797279404246,0.9918054092414488,1.6181923,46.040502099254965,0.980655029973425,0.9807536937516128,0.9812549156219568,2.436378,44.26335702344577,0.9701536175896828,0.9705042428463424,0.971355280956901
DSC02268,JPEG,1,Various,0.0793750999982876,80.51603,750668.0,28547802.0,97.37,9.554857,38.32856143332288,0.9475575049364569,0.9506762724206396,0.9550024943904288,6.2638016,40.16242377720572,0.9571318627459564,0.9525034118874826,0.9492121542953036,7.8746233,39.16850585448447,0.939015109576388,0.9325970609157798,0.92826883186139
DSC02268,JPEG,2,Various,0.0503279000004113,94.743189,1723100.0,28547802.0,93.96,2.3604798,44.40080067111875,0.981401665851564,0.9828039060494635,0.9843852362347107,2.1722767,44.76165207710126,0.975212709512273,0.9750141062577934,0.975522305527433,3.3226116,42.91600794538185,0.9608937737650416,0.9606180830482994,0.9614057685526564
DSC02268,JPEG,3,Various,0.0660298000002512,96.491947,4726058.0,28547802.0,83.45,1.1682656,47.45538782516161,0.9881332932922512,0.988802221204192,0.9896579648187588,1.3358576,46.87320179924976,0.9831398018215308,0.9832535382620132,0.9836841817262812,2.0524752,45.00802442437081,0.9735826259081382,0.9740167623051584,0.9748638120921808
DSC02268,WEBP,1,Various,4.754497800000536,93.163182,767556.0,28547802.0,97.31,3.870078,42.25360626984831,0.97187838356527,0.974576785898158,0.977907357297794,2.786067,43.68088785867873,0.9691166509498744,0.967299802179534,0.9671884582132816,4.1131783,41.98902816632253,0.952975491555344,0.9504525150213544,0.9503399570805212
DSC02268,WEBP,2,Various,5.76874570000291,95.300822,1761566.0,28547802.0,93.83,1.8528643,45.45236738972741,0.9839357216098336,0.985121250635189,0.9865986884269164,1.7969896,45.58534812361694,0.9783669011108468,0.977720045612117,0.9779604478594572,2.7601237,43.72151811504446,0.9660317886572044,0.9654195448202622,0.9659629648100926
DSC02268,WEBP,3,Various,8.584758900000452,96.663313,4497562.0,28547802.0,84.25,0.918581,48.49962901499105,0.989756060494462,0.990243208994986,0.9909358060989076,1.2670339,47.10292102001557,0.9839738505363556,0.9838669654161248,0.9841455551764102,2.0619066,44.98811367721031,0.973763889068588,0.9738125804659394,0.9743802797775136
DSC02269,AVIF,1,Various,0.7507827999979781,91.851784,751279.0,30302420.0,97.52,4.139129,41.9617137962857,0.9732822681315384,0.9761889249813264,0.9796395788239612,3.3632617,42.86319696116003,0.9662604451430744,0.9652602318788974,0.9657539620349408,5.391234,40.81392178756316,0.9441481931561178,0.9427612650552284,0.943581147524034
DSC02269,AVIF,2,Various,1.046206800001528,95.734079,1693691.0,30302420.0,94.41,2.003589,45.11271734092012,0.9837610472633236,0.9850283867000218,0.9866458041214003,2.4662979,44.21034821416466,0.9744391312417838,0.9743681394124744,0.9749898838330204,3.8554726,42.27002741506239,0.9585905671119936,0.9586409225050516,0.9596492567848932
DSC02269,AVIF,3,Various,1.3285948000011558,97.298866,4415077.0,30302420.0,85.43,0.9791592,48.22227042777633,0.989987965728756,0.9905073333269984,0.9912782779876582,2.013884,45.09045899544574,0.9787742644722676,0.9789000071821924,0.9794765075076926,3.1627584,43.130143638801584,0.965859247232578,0.9661879940962912,0.967100901250898
DSC02269,HEIC,1,Various,1.6580243999997035,92.78765,762958.0,30302420.0,97.48,3.719119,42.42640264155338,0.9752805835049754,0.97801750020662,0.9813113736160218,4.158912,41.94100598174926,0.9579541454956118,0.9560790400308264,0.956396183396044,5.925045,40.40388723312351,0.9388157098775892,0.9362959044329436,0.9365233372642476
DSC02269,HEIC,2,Various,6.182605199999671,95.558409,1757095.0,30302420.0,94.2,1.8813896,45.38601614592498,0.985217347808915,0.9865741534150352,0.9882249620997836,2.8403099,43.597146388538725,0.969169437726055,0.9690570659701456,0.9699240985207496,4.1915,41.90710883563844,0.9538690493795192,0.953796106233636,0.954902835338715
DSC02269,HEIC,3,Various,3.719673600000533,96.527754,4788370.0,30302420.0,84.2,1.0193759,48.04745980070783,0.9905959198318546,0.9913056049353938,0.992243796490356,2.1652982,44.77562647886121,0.9756183928090952,0.9760495375885244,0.9769458497480398,3.225973,43.04419667742283,0.9639951034520085,0.9646222357303632,0.965738407732113
DSC02269,JPEG,1,Various,0.078300199998921,74.363143,757684.0,30302420.0,97.5,15.15113,36.32635354614242,0.9244344067124411,0.929420276803528,0.9366661369455846,8.752747,38.70936010143229,0.9425223464736452,0.9364634361638948,0.9329382370017002,10.882362,37.76357180726315,0.9206931595761008,0.912826865681462,0.908263838291522
DSC02269,JPEG,2,Various,0.1280431000013777,93.730787,1721859.0,30302420.0,94.32,3.5800016,42.591971565552285,0.975763722875342,0.9781833490734808,0.9808631128151524,3.3468373,42.88445776843808,0.9649276464128262,0.9646829739483704,0.9655425872929118,4.901543,41.22747537846795,0.9481332713348736,0.947791830213754,0.9489024779745416
DSC02269,JPEG,3,Various,0.1648849999983213,96.266868,4320085.0,30302420.0,85.74,1.5103332,46.340075959688825,0.986824832404864,0.9879009042091456,0.98918255989137,1.8374126,45.488736597670005,0.978159547633326,0.9786072548024516,0.9794425710771818,2.805265,43.65106478855448,0.967016604736261,0.967772241660942,0.9689783065432784
DSC02269,WEBP,1,Various,5.776400400001876,91.645042,757142.0,30302420.0,97.5,6.0656533,40.30202777015722,0.9608976362870092,0.96537688467287,0.9710159617931032,4.2192407,41.87846066435591,0.956744474954186,0.9538479532471186,0.9537864754988128,6.011249,40.34115651475642,0.9371465423579172,0.9334079170386352,0.933196487646822
DSC02269,WEBP,2,Various,7.421289699999761,94.731163,1646250.0,30302420.0,94.57,2.9458344,43.438720462692814,0.9782896046004148,0.9805647351021064,0.9832577839757404,2.6650436,43.87376059741919,0.969561590214139,0.9687431504032654,0.9693370486351588,4.047345,42.0591011207315,0.9542144311106052,0.9533395666421858,0.9541712981979016
DSC02269,WEBP,3,Various,11.596790400002646,96.398051,4450846.0,30302420.0,85.31,1.1647388,47.46851826727118,0.9888207555539312,0.989644543619711,0.990717113058766,1.647704,45.96201145441687,0.980341302563572,0.9804413521641984,0.9809985908863124,2.6877666,43.83688813849963,0.968812375241394,0.9690553497568308,0.9698435212162816
DSC02316,AVIF,1,Various,1.12089510000078,86.351043,761846.0,30444536.0,97.5,9.52575,38.34181164395474,0.9606933597848486,0.968856979138112,0.9768099905174116,8.230482,38.976550873931416,0.9330506028770884,0.9327666308981378,0.9370010005529816,8.164506,39.011504490364864,0.9209569336630652,0.9168901000890308,0.9171244712261633
DSC02316,AVIF,2,Various,1.4570210999991104,94.1473,1719395.0,30444536.0,94.35,3.603998,42.56295820722569,0.9829412082858014,0.98641203708301,0.989625054098072,4.9304085,41.20197461782946,0.9568968844850372,0.9589688977517828,0.962508431564052,5.128292,41.031076136211695,0.946460851294114,0.9466784246284924,0.9483579942533832
DSC02316,AVIF,3,Various,2.794616200000746,96.991211,4520191.0,30444536.0,85.15,1.2161216,47.28103362660828,0.9929851543606146,0.9941361654118182,0.9952094346077168,3.339267,42.89429204849164,0.9709547020450192,0.9727689465068172,0.9751771552431852,3.3646474,42.86140790153179,0.9650392638606148,0.9657813013294588,0.9669948162879024
DSC02316,HEIC,1,Various,6.346603400001186,88.834654,805065.0,30444536.0,97.36,8.146953,39.02085182196687,0.9651538305117988,0.9725000323274006,0.979583216398159,10.510623,37.91451906988057,0.9134974325440234,0.9113407007672945,0.915527825052206,9.024312,38.5766627089844,0.914082200277632,0.9071887610767858,0.9053182406748268
DSC02316,HEIC,2,Various,2.1077584999984538,93.854973,1628006.0,30444536.0,94.65,3.606826,42.55955171557947,0.9831714466935736,0.986675587177528,0.9899225373297472,6.532449,39.98004368351146,0.9427925947484392,0.9452022868336926,0.9496191102925766,6.0989156,40.27827739032337,0.9367288047989047,0.9358985198261014,0.9372881798015116
DSC02316,HEIC,3,Various,4.86708390000058,96.281223,4268385.0,30444536.0,85.98,1.393082,46.69103662413923,0.9922003737633496,0.9936091544382808,0.9949450828095192,4.024598,42.08357837506532,0.96494263315395,0.9674948273867476,0.9704334518172952,3.6443896,42.51455562809117,0.9616563217900328,0.9626315785015276,0.9639940906841162
DSC02316,JPEG,1,Various,0.0459774999981164,60.364345,761270.0,30444536.0,97.5,36.317726,32.52961711838145,0.8796372380871198,0.8964987283998901,0.9172815330557744,24.152935,34.30110462728433,0.8695891695696727,0.8538581553097127,0.848836373904832,20.554138,35.00181077545769,0.8884268944262922,0.8713298868608905,0.8580949080477652
DSC02316,JPEG,2,Various,0.0855338000001211,89.836935,1715560.0,30444536.0,94.36,7.6574163,39.28998098904331,0.967224632321439,0.9738838051664762,0.979963934528467,8.796641,38.68763478645831,0.9266784222870712,0.928424538756592,0.9339476221972972,7.581579,39.333206743163984,0.9251760101354956,0.9232287520114578,0.9244513464162586
DSC02316,JPEG,3,Various,0.4105688000017835,95.847541,4465002.0,30444536.0,85.33,2.1491332,44.80817034389822,0.9892482585875664,0.99131486132106,0.9931537212177878,3.6875274,42.46345112275526,0.965557297279868,0.9684255596506962,0.9716675430820454,3.6740534,42.47934878599786,0.9594429364118928,0.9609411780592616,0.962796714829292
DSC02316,WEBP,1,Various,5.8613093999993,85.885629,754972.0,30444536.0,97.52,14.775872,36.43527227700209,0.9368032317281032,0.9491895439485516,0.962678514923114,12.828897,37.04891039908492,0.8997279136200642,0.8908544806220162,0.8928706230582714,9.753985,38.238982651600615,0.90906834408349,0.8990743813377847,0.8954569851201095
DSC02316,WEBP,2,Various,4.866730699999607,92.667534,1717546.0,30444536.0,94.36,5.6313934,40.62464501140849,0.9741774694717844,0.9797452168461264,0.9849142063463776,6.4350557,40.045280495099846,0.9421501933630732,0.9424638791773,0.9467242730637684,6.0513287,40.31229628144936,0.9363686342533082,0.9340357114251406,0.9351275693450808
DSC02316,WEBP,3,Various,10.221738000000189,95.904166,4695132.0,30444536.0,84.58,1.5714674,46.167749891236426,0.991319164646117,0.9929265190173672,0.9943932527095132,2.967567,43.40679851434774,0.9734176033381716,0.9749293623660966,0.9770844129227256,2.903014,43.50231242719338,0.9689006427777952,0.9692771941874874,0.9701967427475456
DSC02344,AVIF,1,Various,1.0186599000007843,92.448075,770928.0,32523416.0,97.63,4.7735553,41.34238416305159,0.970444180787728,0.9738476475779484,0.978432980615344,5.7779937,40.51303292968563,0.953270726442036,0.9524817079310878,0.9541464076996364,9.43146,38.38501422600135,0.9328176403801988,0.9321365665295946,0.9343996513068108
DSC02344,AVIF,2,Various,1.0534384999991744,95.865065,1689097.0,32523416.0,94.81,2.3260384,44.46463501818438,0.9808239094605118,0.9826288448108024,0.985108572874971,3.8828368,42.2393124620978,0.9669874714585386,0.9673858424537314,0.9688930260824562,6.6656137,39.89240229609052,0.9517078743430673,0.9524367665420972,0.9543415970477525
DSC02344,AVIF,3,Various,1.5874922000002698,97.206242,4369506.0,32523416.0,86.57,1.0874802,47.76658997320554,0.9888545751111152,0.9897897441213126,0.9911156137993689,3.1283894,43.1775957822726,0.973572562241382,0.9741945088294646,0.975448361309,5.5317235,40.70219891402657,0.9617433530022262,0.9627211656346424,0.9642435195991677
DSC02344,HEIC,1,Various,2.654432999999699,93.086696,743674.0,32523416.0,97.71,4.459982,41.63747255489927,0.9716161236715264,0.9750178995688602,0.9795648556056012,6.5872545,39.94375931901918,0.9479357873114208,0.9466174941337652,0.9481161175788712,10.296402,38.00394879153433,0.9289347906622948,0.927784445915896,0.9297023920504662
DSC02344,HEIC,2,Various,4.547784700000193,95.863271,1676415.0,32523416.0,94.85,2.2459066,44.61688677741448,0.9825997375025302,0.984524262921807,0.987022836264147,4.566832,41.53465311893481,0.9617404419298196,0.9623126298452512,0.9641395174324048,7.516494,39.370650373642654,0.9476249010562018,0.9486529221576426,0.9508451567955842
DSC02344,HEIC,3,Various,3.450353799998993,96.754488,4221904.0,32523416.0,87.02,1.1804719,47.410246996735566,0.98947767177985,0.990602546267533,0.9921099737257932,3.5780554,42.59433301112971,0.9697327257782732,0.9708343173871946,0.9724732529354057,6.1337867,40.25351675346946,0.959712229720138,0.9612321876227938,0.9630443243816522
DSC02344,JPEG,1,Various,0.1184231999977782,71.646741,747692.0,32523416.0,97.7,21.059084,34.896408941988284,0.9062141144184824,0.9122678546659144,0.9239024881647676,18.031092,35.57058329614621,0.9074821617774618,0.8968417129431084,0.8909833515949126,25.51633,34.06262129337095,0.8757184359534858,0.8643872117917945,0.8585216581393846
DSC02344,JPEG,2,Various,0.0536361999984364,94.078293,1725690.0,32523416.0,94.69,4.1428733,41.957787220775984,0.9720328547707724,0.9751271691440336,0.9789905753713504,6.044041,40.31752946262266,0.9498112937728757,0.950327766371607,0.952614043392892,9.642348,38.288975313724514,0.9302906858104176,0.931520035357668,0.93469918030179
DSC02344,JPEG,3,Various,0.0684349000002839,96.61964,4678290.0,32523416.0,85.62,1.5567884,46.20850747386363,0.9860544262731752,0.987464216088352,0.9892319854663624,2.8976786,43.51030147917775,0.9718359903227636,0.9730107076898408,0.9747637221037386,4.7108817,41.399781583634,0.9612926483807488,0.9629787314607892,0.9651064011675708
DSC02344,WEBP,1,Various,6.096978800000215,92.306705,751540.0,32523416.0,97.69,6.771497,39.82395666663748,0.959692707992993,0.9640971363891224,0.9707596925810174,7.066149,39.63897576465649,0.9435914222423496,0.9403966218198468,0.9411873184508952,11.160896,37.65381290521368,0.9223178804440204,0.9191519779475692,0.920437239400142
DSC02344,WEBP,2,Various,10.476830300001891,95.399786,1726476.0,32523416.0,94.69,2.9103076,43.49141447555553,0.9774473565676602,0.9797870048724574,0.9829918536743448,4.209096,41.888915333385846,0.9623140615657454,0.962029208639032,0.9636427453088808,7.129045,39.60049012010475,0.9463354985414888,0.9462202366812092,0.9481648986300222
DSC02344,WEBP,3,Various,6.01954349999869,96.637129,4628802.0,32523416.0,85.77,1.2203382,47.26600130781944,0.987963824605123,0.9890909583231045,0.9905916022239656,2.7117178,43.79835878517048,0.9755061033872452,0.9760713436300948,0.9772466578505208,5.036623,41.10940926736993,0.9649915958126066,0.9658301022112796,0.9671746868442906
DSC02413,AVIF,1,Low light,0.8809086000001116,95.645142,739973.0,33144095.0,97.77,2.319139,44.477535659898166,0.9743362942387852,0.977274639898305,0.9825727193032092,2.041824,45.03062029000439,0.9765278949930744,0.9752783881508036,0.9758487789844488,3.250778,43.01093057090696,0.9585418869078122,0.9568308161265222,0.9569697073770592
DSC02413,AVIF,2,Low light,1.0135252999971271,96.424314,1739537.0,33144095.0,94.75,1.7566904,45.68385132569868,0.9796415499074214,0.9821744901620764,0.986393455755604,1.64956,45.95712230291417,0.9794270454670452,0.9791124638258296,0.9800781099785032,2.5741537,44.02445904966757,0.9653631228230328,0.9650741469512496,0.9658065144469148
DSC02413,AVIF,3,Low light,1.7498591000003216,97.091087,4450930.0,33144095.0,86.57,1.0469393,47.931588797946496,0.9873793790918108,0.9889070641222512,0.9914377518551344,1.4346772,46.56326134808008,0.9817241920767764,0.981702932094044,0.9826514842427244,2.126472,44.85420699195394,0.97127039099804,0.9713140838884826,0.9720243722328404
DSC02413,HEIC,1,Low light,2.0304077999971923,95.700479,810792.0,33144095.0,97.55,2.1706579,44.764889753795686,0.9762120600364356,0.9793304135164254,0.984512305865816,2.1777751,44.75067332913354,0.9742238482957032,0.972738674210032,0.9733643260570048,3.328128,42.90880322339328,0.9565866166108332,0.9543437402878476,0.9543000545600716
DSC02413,HEIC,2,Low light,5.93576480000047,96.270155,1547643.0,33144095.0,95.33,1.7420039,45.72031221981091,0.9806231175335596,0.9833416597997988,0.9876622329430008,1.8929836,45.359335074391176,0.9760881209795867,0.9753755210459196,0.9764106449976272,2.8529196,43.57790847008991,0.9609157957025116,0.9600235734376302,0.9606399010659238
DSC02413,HEIC,3,Low light,5.934656600002199,96.72072,4300946.0,33144095.0,87.02,1.0824455,47.78674322312946,0.9878361477567604,0.9895951431706445,0.992323253803348,1.5125742,46.333636567676,0.9796968979364244,0.9797884613956308,0.981006865113548,2.1192298,44.86902298532943,0.9700971981297792,0.9702052710764149,0.9710289370657438
DSC02413,JPEG,1,Low light,0.0802345000010973,85.465977,763710.0,33144095.0,97.7,6.3734,40.087091807641706,0.94720365640872,0.9511034326206288,0.9613309695000476,5.5609965,40.67927726952284,0.9566376012774476,0.9494467835381192,0.9451700750936514,6.270865,40.15752907873871,0.9431123200496804,0.9355478635357484,0.9295512422266932
DSC02413,JPEG,2,Low light,0.0516038999994634,95.500821,1727077.0,33144095.0,94.79,2.1907513,44.72487273784186,0.9756634324274868,0.9786804802308672,0.9836799584947468,2.0811348,44.94780148934778,0.9744135093324984,0.9734909026379316,0.97439858431593,3.1832998,43.1020280331884,0.9576101148109828,0.9562957966760286,0.9566378458548412
DSC02413,JPEG,3,Low light,0.0684971000009682,96.66802,4595879.0,33144095.0,86.13,1.3116671,46.95256734313743,0.9843032632885336,0.9863352501231752,0.989549490679094,1.4100956,46.638318019419685,0.97997849143016,0.9801880499829456,0.9814409946564264,2.2381456,44.63192035153767,0.9671803736340344,0.9674721705177792,0.9684737316048452
DSC02413,WEBP,1,Low light,4.79401069999949,94.728996,759744.0,33144095.0,97.71,2.8214064,43.62614733059033,0.9710622095849728,0.974646210642161,0.9808862233858364,2.209357,44.688144719033815,0.9742881222960031,0.9722148755273348,0.9724071194731094,3.4447548,42.75922056564208,0.9556860542493836,0.9527195640395624,0.9521845318904152
DSC02413,WEBP,2,Low light,5.502670300000318,95.993968,1728900.0,33144095.0,94.78,1.9340574,45.26611030320458,0.9780986317258472,0.9809724208210102,0.9856207432916042,1.6129692,46.05454292383588,0.9787503239984592,0.9780246192904656,0.9788947204692124,2.542238,44.07864162158717,0.9646333425927162,0.9636930850354722,0.9641380692384788
DSC02413,WEBP,3,Low light,11.634885100000249,96.589505,4749890.0,33144095.0,85.67,1.0476041,47.928831666182354,0.9874982923336042,0.9891361441582605,0.9917125964236896,1.1357435,47.57800114953199,0.9841226635583132,0.9841137420461666,0.9849463946503368,1.7159408,45.78578061383418,0.9752227796073067,0.9752086174423475,0.975784482203592
DSC02435,AVIF,1,Various,0.8271437999974296,91.083166,775246.0,32550066.0,97.62,6.4318995,40.047410874456936,0.9744298402419952,0.9777984128711406,0.981235576752869,4.6377583,41.46772243816305,0.9592022416478674,0.95804159437145,0.95877871793035,6.936629,39.7193191667882,0.943862159128107,0.9422600806810106,0.9426412074073536
DSC02435,AVIF,2,Various,1.0267301999992924,95.638961,1725558.0,32550066.0,94.7,2.7473483,43.74166649676907,0.982645632134416,0.9840661601797632,0.98571641586624,3.1181529,43.19182942545527,0.9714780259987228,0.971652999380856,0.9725290298204274,4.6622224,41.44487369218482,0.9601144860712222,0.9600949219301788,0.9607855739737114
DSC02435,AVIF,3,Various,1.3121217999978398,97.282008,4404087.0,32550066.0,86.47,1.1648805,47.46798979947863,0.9892284868989828,0.9898820825918114,0.9907368266797056,2.420424,44.29188928773641,0.977788717592102,0.9781374768280214,0.9788273208283392,3.6616125,42.49407999146129,0.9691496256720442,0.9695868670888842,0.9702514675786772
DSC02435,HEIC,1,Various,2.985724400001345,91.967305,753396.0,32550066.0,97.69,5.8483863,40.46044293149215,0.9751721668054724,0.978444885087483,0.9818929216179564,5.472644,40.748831587737406,0.952639327118136,0.950285603599736,0.9503689808641078,7.7879133,39.216592499574496,0.9385425670363358,0.9360075472886707,0.9357057578088582
DSC02435,HEIC,2,Various,6.356929300000047,95.457728,1700847.0,32550066.0,94.77,2.7837925,43.68443497938179,0.983807017311884,0.9854619205304658,0.9872566104711396,3.6740553,42.47934686892086,0.9654591529615704,0.9656286627423142,0.9666824039673824,5.4319115,40.781276673634,0.954030977220807,0.9541403717557172,0.9550109248151332
DSC02435,HEIC,3,Various,6.087529299999005,96.625293,4550324.0,32550066.0,86.02,1.3027091,46.98232910745097,0.9901787288229408,0.9910537617722868,0.9920880910392972,2.6922908,43.82958403185002,0.9737466877256286,0.9744459047819388,0.9754318831714806,4.0712376,42.03353911087638,0.9664079815361594,0.967340943379618,0.9682734673765954
DSC02435,JPEG,1,Various,0.1711811000022862,68.140711,769182.0,32550066.0,97.64,28.72336,33.548451372362614,0.9180882819910842,0.9255145199960106,0.9348553532765764,16.972569,35.83332798210918,0.9209916936485656,0.9089557913774704,0.9002364366852212,20.737114,34.96332030843097,0.8988623745538155,0.8868872329669707,0.8784362469808581
DSC02435,JPEG,2,Various,0.0555868000010377,93.460538,1732955.0,32550066.0,94.68,5.382677,40.82082030856593,0.9755863785360372,0.9783555441068088,0.9810654698072188,4.6294236,41.47553449143515,0.9583121065823996,0.9585778540995498,0.9598418205757868,7.036829,39.657033656635136,0.9436500487108064,0.9437905069751898,0.9447828661356718
DSC02435,JPEG,3,Various,0.109894000001077,96.385684,4637702.0,32550066.0,85.75,1.9211535,45.29518276784047,0.9864871019957676,0.9876167462732204,0.9888415685951936,2.2627895,44.58436203429838,0.9762716905229948,0.9770705847730278,0.9780878479474252,3.4498978,42.75274138762895,0.967151950298154,0.9681044988654248,0.9691948805444552
DSC02435,WEBP,1,Various,7.179852499997651,89.732075,762748.0,32550066.0,97.66,9.49949,38.35380082131668,0.964101116762812,0.969050504644908,0.9746227676243784,5.8522124,40.45760285474177,0.9490731924135416,0.9446960478136672,0.9438880029624388,8.166827,39.01026993928596,0.9346630568229388,0.9303703124672956,0.9295570936471942
DSC02435,WEBP,2,Various,5.674777899999754,94.633612,1748402.0,32550066.0,94.63,3.6198783,42.54386377974188,0.979761695668469,0.9818669205365442,0.984215190828043,3.2497578,43.01229369097851,0.9679958681283292,0.9674217950540108,0.9682000910779064,4.8595314,41.26485971672509,0.9567689964336868,0.9560039422259348,0.9565938168516396
DSC02435,WEBP,3,Various,9.80318929999703,96.465147,4402706.0,32550066.0,86.47,1.436688,46.55717923040292,0.9875964469988804,0.9885297295662354,0.989633860561604,1.960394,45.20736981450723,0.9798112874724664,0.9799975980658646,0.98056716961157,3.10204,43.21432959438959,0.9727488623965944,0.9730536181281731,0.973593194527947
DSC02447,AVIF,1,Various,1.2328321999993932,92.556839,762149.0,27499777.0,97.23,4.0173316,42.09142680360274,0.9786482677103152,0.9820142384781316,0.9857654115482076,3.2225852,43.04875931746038,0.9675351705978286,0.9660789207226116,0.9658802966210626,5.587236,40.658833454263565,0.9491400216871708,0.9483774973847908,0.9490739479862728
DSC02447,AVIF,2,Various,1.4192301999974006,96.125867,1718950.0,27499777.0,93.75,1.8071988,45.56074455151611,0.9880272652706442,0.989434943413096,0.9909724021248472,2.1475747,44.81132087202332,0.9775933544159252,0.9774858694565696,0.9777965119602064,3.532852,42.64954947470491,0.9675580564554696,0.9679747933417252,0.9686443388295608
DSC02447,AVIF,3,Various,2.415386999997281,97.298877,3980937.0,27499777.0,85.52,0.9229299,48.47911674766876,0.9921697850875718,0.9927210396415044,0.9933854540666168,1.7365799,45.73385589251154,0.9819538524068476,0.9820284960570644,0.9823080644032366,2.902366,43.50328176378031,0.9736993168717168,0.9741120178895334,0.9745766913182556
DSC02447,HEIC,1,Various,2.695717499998864,93.165793,751631.0,27499777.0,97.27,3.7450025,42.39628233782084,0.9794651207738704,0.982759222260728,0.9864360166600844,3.8942268,42.2265912285465,0.9613971657421908,0.9587525419961472,0.9578934552201576,6.2873144,40.1461519566093,0.9441476564328308,0.9424867404499694,0.9427095634482692
DSC02447,HEIC,2,Various,2.213951599998836,95.740736,1611219.0,27499777.0,94.14,1.8504311,45.458074538382704,0.988119260147026,0.9897112975622228,0.9914393712131114,2.6291833,43.93259512202106,0.9718323259755118,0.9714626654006506,0.9717752311031,4.1923633,41.906214503719625,0.9618080552582612,0.9622923844788254,0.9631344241210158
DSC02447,HEIC,3,Various,5.417546100001346,96.797454,4755404.0,27499777.0,82.71,0.90622073,48.55846352697796,0.9927596574740382,0.9934762704870524,0.9943129316108724,1.9015152,45.33980567035077,0.9789904838502737,0.9793103275075186,0.979777958947995,3.13587,43.16722325277959,0.9719025752608464,0.9727082981759786,0.9733734489294288
DSC02447,JPEG,1,Various,0.1271976999996695,74.208184,759770.0,27499777.0,97.24,17.491175,35.70261387441267,0.9281304341367054,0.936566927715414,0.9477644865763,10.3401985,37.98551482750921,0.9398598861021952,0.9295098608072224,0.9200025698208736,15.264021,36.29411391137212,0.9083420297739964,0.89758720067739,0.8896666336760146
DSC02447,JPEG,2,Various,0.0863702999995439,94.102877,1721433.0,27499777.0,93.74,3.5005064,42.68949462620321,0.9804918955207014,0.9834175521083464,0.9864784411863284,3.3229544,42.91555976122165,0.9655134368951018,0.9648703787708665,0.9651640409117896,5.819589,40.48188018695144,0.947902662707066,0.9482636800630736,0.9492408674852996
DSC02447,JPEG,3,Various,0.1074368999979924,96.55255,4586533.0,27499777.0,83.32,1.2901694,47.02433633152331,0.9904219312425812,0.9914518443017318,0.9925582320318772,1.68499,45.86482999238535,0.9805671234890446,0.9809107777250456,0.9813927099966412,2.7881129,43.67770009965498,0.9727202737291732,0.9735740182572048,0.9744044306714678
DSC02447,WEBP,1,Various,6.089053899999271,91.764723,751678.0,27499777.0,97.27,6.124841,40.25985518736603,0.9665143694572772,0.9719508900699004,0.9786449930318376,4.099136,42.00388051312138,0.9590927948031588,0.9550704155162416,0.9536033198165988,6.7564425,39.83362268631542,0.9393226733405904,0.935624872116192,0.9349899497314148
DSC02447,WEBP,2,Various,6.959050999997999,95.132049,1794930.0,27499777.0,93.47,2.3508186,44.41861222254123,0.9850493672982212,0.9872407641404198,0.9896787328637676,2.227519,44.65258939698921,0.974960853396032,0.974205446453248,0.9744011896675364,3.610138,42.555565697044855,0.9650280187918948,0.9648078880291115,0.9654136643391956
DSC02447,WEBP,3,Various,10.20063780000055,96.779226,4672202.0,27499777.0,83.01,0.8666168,48.75253260536675,0.9924638728858192,0.9931620533318636,0.9939915456191408,1.4564041,46.4979847582996,0.983341205670871,0.9833647069489256,0.9836175233081756,2.5649173,44.04006973218504,0.9756503419842402,0.9759500095977682,0.976340929678659
DSC02452,AVIF,1,Various,0.7794418000012229,91.934042,765740.0,31037733.0,97.53,3.8854692,42.23636867486418,0.9730548716641036,0.9760306941089668,0.9797625035489154,3.6078117,42.55836495367252,0.963645179455769,0.9622884414951872,0.9625616641710169,5.917761,40.40922935114291,0.9416928998459396,0.940543426931715,0.9415789371517764
DSC02452,AVIF,2,Various,1.089366299998801,95.835547,1770386.0,31037733.0,94.3,2.0082629,45.102597903874006,0.982206989793341,0.9837222071227056,0.9856977939583926,2.4166906,44.2985932055133,0.9747190584850796,0.9746277596922162,0.9751786273885972,3.9184225,42.199690784798776,0.9597739838215068,0.960245480413014,0.9614225439800634
DSC02452,AVIF,3,Various,1.6471769000017955,97.313506,4658724.0,31037733.0,84.99,1.0058812,48.10533680136508,0.9894264121979204,0.9901324997035156,0.9911080082252884,1.8900305,45.3661155241868,0.9799081198844528,0.9800223798125172,0.9805159673905572,3.1159582,43.19488754234713,0.9682065795639851,0.968825557065004,0.9698118009137576
DSC02452,HEIC,1,Various,3.599176900002931,92.826493,746456.0,31037733.0,97.6,3.6416717,42.51779569345116,0.9740959823977448,0.9770909916021464,0.9808191873557724,4.120756,41.98103451122975,0.9591412477011932,0.9570729554986988,0.9569450630814914,6.4975743,40.00329116285108,0.937019839249245,0.9351707475499408,0.9358024973433277
DSC02452,HEIC,2,Various,4.037217500001134,95.540935,1814334.0,31037733.0,94.15,1.9181374,45.30200649021911,0.9838363372983644,0.9854978127114944,0.9875315906457424,2.7454612,43.74465044549843,0.9703497867327824,0.9702563758003764,0.9709532645739332,4.401022,41.695268293388345,0.954816888662622,0.95548745261776,0.9568305425487184
DSC02452,HEIC,3,Various,7.602347000000009,96.419173,4213254.0,31037733.0,86.43,1.1369419,47.57342076737941,0.9895284216235088,0.9905161818522936,0.9917635316146854,2.122107,44.86313066650446,0.9762992598067254,0.976754163884649,0.9775417161584516,3.4730237,42.723726284281696,0.9643783507153392,0.9654637824475398,0.9667032471378304
DSC02452,JPEG,1,Various,0.0763477000000421,73.42874,755154.0,31037733.0,97.57,14.826203,36.42050399460037,0.9265588061193758,0.9320999633662904,0.9404909718977066,9.990198,38.13506256990791,0.9364090410569212,0.927836867004738,0.9213125496930568,14.364469,36.55790820027512,0.90370393351542,0.8931967146154588,0.8865628618664719
DSC02452,JPEG,2,Various,0.0522436999999627,93.752627,1721371.0,31037733.0,94.45,3.349744,42.880687532721566,0.9752875351481544,0.9778850193954912,0.9809678740234896,3.4143074,42.79777725690863,0.964144651756522,0.963676746147034,0.9642969212545514,5.58019,40.66431377210655,0.9438490405171792,0.9439339714622104,0.9452632753341832
DSC02452,JPEG,3,Various,0.0699077999997825,96.342999,4474133.0,31037733.0,85.58,1.4601854,46.48672352777844,0.986226410045044,0.9874675712805676,0.9889780783589054,1.8325944,45.50014020195207,0.9777519249950252,0.9782160042962916,0.9789737434479876,2.9531467,43.427953571368135,0.9661815416674268,0.9672657832702376,0.9685783807815233
DSC02452,WEBP,1,Various,4.435981300001004,91.966029,759230.0,31037733.0,97.55,5.518061,40.71293849548251,0.9634506799694044,0.9679042349733112,0.9737529513895712,4.3268228,41.769112614213206,0.9565380205230084,0.9529846063822068,0.9523440864348842,6.8953505,39.74524015754771,0.933030882701416,0.9291445117083356,0.9290803354804432
DSC02452,WEBP,2,Various,6.307743899997149,95.072563,1832776.0,31037733.0,94.1,2.5617518,44.04543317360262,0.9787678839389954,0.9810288710979912,0.983870766933484,2.5123582,44.12998816059664,0.971382913932226,0.9706073120676136,0.9711467520079092,4.137935,41.96296680894581,0.9556445289638892,0.9552339628916944,0.956279882457913
DSC02452,WEBP,3,Various,9.47473969999919,96.412645,4587868.0,31037733.0,85.22,1.2184469,47.27273775282107,0.987603381736239,0.9886582362884812,0.9900163195619728,1.5087159,46.344729010581744,0.9819946041942126,0.9820805339554862,0.9825469492510794,2.6928036,43.82875687434261,0.9707299404699634,0.971180880721249,0.9720084374906064
DSC02558,AVIF,1,Various,1.1177938000000722,89.608873,733995.0,35154725.0,97.91,5.0071263,41.13491825932777,0.9608633021971656,0.9663686319044132,0.9743312879770244,4.414127,41.68235540430545,0.9533596507072252,0.9494585680045228,0.9475496504968908,7.1648746,39.578717761483205,0.9275970087602472,0.9241922384293078,0.9239270092695332
DSC02558,AVIF,2,Various,0.8776928000006592,94.779613,1703316.0,35154725.0,95.15,2.6333094,43.92578493780229,0.9760840779059472,0.979627632388606,0.9843912608775256,2.9421809,43.44411003458966,0.965279841070537,0.9641716490326642,0.9640315896626545,4.5373774,41.5627546020179,0.9491880705964576,0.9491182318588308,0.9501832739113864
DSC02558,AVIF,3,Various,2.600361000000703,96.832512,4630492.0,35154725.0,86.83,1.2852753,47.04084195502204,0.9872096932137026,0.9891149768869272,0.9916238839917472,2.1536603,44.79903148599331,0.9737358240093515,0.9735872254926794,0.973852310608079,3.2358086,43.03097550124632,0.9632473643491768,0.963902445375112,0.9649489304404728
DSC02558,HEIC,1,Various,2.8852045999992697,91.600688,751819.0,35154725.0,97.86,4.39852,41.697737943215074,0.9648716691906396,0.970173346252486,0.9774354021209982,4.7583117,41.35627481730839,0.9498404349064457,0.9446330013329328,0.9415071359709924,7.621469,39.31041650547183,0.9243122678055624,0.9197991886207764,0.9185931503166804
DSC02558,HEIC,2,Various,2.336895800002821,94.912352,1670286.0,35154725.0,95.25,2.4595594,44.2222304771642,0.9781868891546092,0.9816607577730108,0.9861635367772204,3.2203526,43.05176943084858,0.9611632986591324,0.9596584330863502,0.9593231803224108,4.972502,41.1650536699273,0.9454360673688974,0.9454072554745412,0.9464818769362956
DSC02558,HEIC,3,Various,5.438013200000569,96.164869,4230722.0,35154725.0,87.97,1.3649658,46.779585768920775,0.9872895708370842,0.9893829029008736,0.9920543437603606,2.2874055,44.53737206119951,0.9706807489014406,0.9707629594456948,0.9711475286485156,3.5010555,42.688813736800086,0.9611356000241508,0.9622324466942144,0.963414365966274
DSC02558,JPEG,1,Various,0.0413797999972302,69.464567,763933.0,35154725.0,97.83,17.27149,35.75750561489858,0.8913538713992715,0.9002883491276824,0.9191935359780736,9.928467,38.16198174024743,0.9313244561756456,0.9192812193951924,0.9081286668957012,14.942791,36.38648636712389,0.8923497019544459,0.8784195548846438,0.8680998155933703
DSC02558,JPEG,2,Various,0.0890317999983381,91.841679,1725802.0,35154725.0,95.09,4.1707873,41.92862301471198,0.9657957703923212,0.970918962586098,0.9775872345357406,3.9490588,42.165867717064586,0.9558239871728508,0.953347673213642,0.952275304630652,6.3482156,40.10428704714844,0.933134753984732,0.9319662199529504,0.9327320528978436
DSC02558,JPEG,3,Various,0.114859699999215,95.972327,4641936.0,35154725.0,86.8,1.7138752,45.79101171970582,0.9837522984857952,0.9863335097610112,0.9895432942086532,2.1381185,44.83048579782577,0.9711546705589522,0.971396355226,0.9720061058171174,3.3627858,42.86381157460787,0.959115018488108,0.9604193954147946,0.9620396065700684
DSC02558,WEBP,1,Various,4.484576999999263,90.588845,749800.0,35154725.0,97.87,7.015772,39.67004924122578,0.9470397653481456,0.9535595602247192,0.9643853295184626,5.0387597,41.10756727164514,0.947023805165109,0.9402583938122858,0.9363771296325732,8.185167,39.00052795873436,0.9197012433940088,0.9126191801413612,0.91007018246927
DSC02558,WEBP,2,Various,8.137728899997455,94.046038,1665474.0,35154725.0,95.26,3.4014585,42.81415169965419,0.9703266666215512,0.974791491859506,0.980849673819358,3.2349794,43.03208844004256,0.960958332645036,0.9585292173455656,0.9578440210176612,5.0190196,41.12461478796788,0.9439782861330932,0.9423831032536962,0.9429579692259624
DSC02558,WEBP,3,Various,28.0023394000018,95.876433,4713472.0,35154725.0,86.59,1.8382683,45.48671462453061,0.9826254198892131,0.9854094364568532,0.988917750758679,1.8138875,45.54470041843015,0.9761722863872168,0.9759544222208056,0.9761897015220996,2.7931004,43.66993833787146,0.9677313112391168,0.9681708974291324,0.9689983857988538
DSC02622,AVIF,1,Various,1.2619106999991343,95.654899,764492.0,23624113.0,96.76,1.6138428,46.05219120008193,0.9893562996106428,0.9903271089815088,0.991636015420678,2.8350306,43.60522598587656,0.9791314536647654,0.9791243576148908,0.9793307526346317,4.0399632,42.06702944108187,0.9721448636556106,0.9719385519477952,0.9718789251796056
DSC02622,AVIF,2,Various,1.5595863999988069,96.844622,1667633.0,23624113.0,92.94,0.991835,48.16640911507406,0.991640347979143,0.9920747117863524,0.9928184128946764,2.2552862,44.59878682113526,0.9834390031955677,0.9835247734987808,0.9836390401097842,3.302907,42.94184022199254,0.9772410803805494,0.9771377781998344,0.9769757172251328
DSC02622,AVIF,3,Various,3.8784204999974463,97.151588,4797852.0,23624113.0,79.69,0.6765306,49.82792900009352,0.9933483233796108,0.9936645354516151,0.9942523807444472,2.0469408,45.01975081553808,0.9848851444283808,0.9850787935003892,0.9852654300650592,3.0250516,43.3234759101744,0.9794621848383218,0.9795206626553408,0.9794333103058124
DSC02622,HEIC,1,Various,3.929123800000525,95.768507,788847.0,23624113.0,96.66,1.5662158,46.18228783508405,0.9896004043779064,0.9906337849737432,0.992059663386621,3.3121207,42.92974223547087,0.9750331046716144,0.9751568132010524,0.9754486630763602,4.277843,41.8185552998596,0.9697330788556976,0.9696268318279538,0.9696420861686748
DSC02622,HEIC,2,Various,3.291655400000309,96.692558,1739986.0,23624113.0,92.63,1.0286692,48.00804603722459,0.9917231222909328,0.99240210974438,0.9933975168306776,2.6758747,43.8561458129974,0.9797337368237856,0.9801235099148492,0.9803900317178847,3.5130892,42.6739120439521,0.9751681985159786,0.9753505311119092,0.9753529505869932
DSC02622,HEIC,3,Various,5.708234400000947,97.019885,4631830.0,23624113.0,80.39,0.71418977,49.59266721059579,0.9931567580843428,0.9936301244614268,0.9943844971847008,2.3823824,44.360688964770176,0.981354628577132,0.9818564696096916,0.9821651431438444,3.135176,43.16818444849589,0.977571506061434,0.9778991002320478,0.9779294989948084
DSC02622,JPEG,1,Various,0.0769159000010404,84.501564,757509.0,23624113.0,96.79,8.245563,38.96860080246276,0.9667318155877264,0.9695897178737276,0.9740969722559478,8.89466,38.639509974144886,0.9510404594616768,0.9471093687547204,0.9443037630568568,10.394628,37.962714184671,0.941821634588659,0.937876385051721,0.9350913954541352
DSC02622,JPEG,2,Various,0.1708867000015743,95.955522,1702164.0,23624113.0,92.79,1.5608078,46.19730911839788,0.98958064686056,0.9905383582914968,0.9917632537095056,2.5276845,44.10357493703793,0.9785577492875016,0.9791652650513804,0.9798910925098868,3.511038,42.67644829598769,0.9718600138371204,0.9724572902880846,0.9731127550834924
DSC02622,JPEG,3,Various,0.0663391000016417,96.948189,4554422.0,23624113.0,80.72,0.83549845,48.91134693154737,0.9920327016975804,0.9925179470879718,0.9932821136232892,1.3183355,46.93054402511612,0.987240250317985,0.9875417478202736,0.9879682449850185,1.7832615,45.61865331370144,0.982939016128469,0.983312740906263,0.98383133356409
DSC02622,WEBP,1,Various,5.051135300000169,94.464095,754720.0,23624113.0,96.81,2.3211093,44.47384783156844,0.9862179987571352,0.9876616951634978,0.9897272077103484,3.1576054,43.13722502805034,0.9741883649321346,0.9734990604457202,0.9736262989803738,4.4239254,41.67272555053664,0.966834979481369,0.9658650665308692,0.9655850463147816
DSC02622,WEBP,2,Various,5.248773999999685,96.402054,1818376.0,23624113.0,92.3,1.0516248,47.912195498005474,0.9912987199537584,0.9919229570298574,0.9928818081981292,1.9636366,45.20019226568423,0.983236789432635,0.9831232868488968,0.9832741998968526,2.9938767,43.36846464581495,0.977324197059304,0.9770045332321275,0.976861087787892
DSC02622,WEBP,3,Various,6.6784414000030665,97.037555,3587354.0,23624113.0,84.81,0.66200066,49.922219338566805,0.993114314655586,0.9934624423278012,0.9940823640584312,1.7583605,45.67972457680088,0.9854774026156626,0.9856164291328254,0.9857554057808284,2.7335057,43.76360390219097,0.9799799970772703,0.979937014167348,0.9797735724254514
DSC02623,AVIF,1,Various,0.8030276999998023,95.001413,747720.0,30003168.0,97.51,1.8149182,45.54223323144899,0.9767069928262204,0.9772473361512456,0.9788961472352412,1.5542572,46.215574938697806,0.9830621457629736,0.9819489782660048,0.9814148938372655,2.9053252,43.49885626926775,0.9627620227963224,0.9615319195064472,0.9615071674365484
DSC02623,AVIF,2,Various,1.0121748999990814,96.154205,1679568.0,30003168.0,94.4,1.409268,46.64086745252041,0.980770969158684,0.9813837857034768,0.9828306564780358,1.3396357,46.86093655739549,0.9842140521059348,0.983600896601637,0.9834576105611884,2.3376782,44.44295622999658,0.9689252042352854,0.9686676431657822,0.969062788416063
DSC02623,AVIF,3,Various,1.2170779000007317,96.736354,4672789.0,30003168.0,84.43,0.9001509,48.58765055919822,0.9873278258993629,0.9878220056284884,0.9888192319137792,1.2129897,47.292232440950734,0.9854382480159196,0.9851306216713696,0.9851606862689386,1.9503677,45.22963865442473,0.974166999003338,0.974240292630583,0.9747235625876628
DSC02623,HEIC,1,Various,2.701299100001052,94.977969,681687.0,30003168.0,97.73,1.772422,45.64513217029205,0.9776764526046854,0.9784156201592938,0.9801343464224004,1.6335224,45.99955272303396,0.9813997344683608,0.9801363774854316,0.9795388300993392,3.0849252,43.23835718202175,0.9604876939425449,0.95891604701642,0.9587802763602076
DSC02623,HEIC,2,Various,2.6306546999985585,96.006274,1769824.0,30003168.0,94.1,1.3027226,46.98228424452349,0.9827210760137072,0.983445667666224,0.9849376169031684,1.4039315,46.65734451650068,0.982667675813579,0.9819301983304668,0.9817499773299508,2.4409277,44.25525432426273,0.9670647579844694,0.9667618546352388,0.9672315342726656
DSC02623,HEIC,3,Various,3.912925299999188,96.567512,4878050.0,30003168.0,83.74,0.8473833,48.85000439332244,0.988479000462964,0.9890161905796612,0.9900656779280156,1.1586646,47.491226199171656,0.98458281467854,0.9844038002286696,0.9845609038504156,1.8682295,45.416501191095485,0.9743897435952092,0.9746044812224548,0.9751997957276964
DSC02623,JPEG,1,Various,0.0783234000009542,89.79443,755262.0,30003168.0,97.48,3.3053763,42.93859467746802,0.9668982855126113,0.9672764840101792,0.9692429707172018,2.4218755,44.289285571903775,0.9773438993704158,0.9748313525293828,0.973009159916142,4.2434273,41.85363591167789,0.9534186568259542,0.949752679738906,0.9478874835465936
DSC02623,JPEG,2,Various,0.0517266999995627,95.286462,1711152.0,30003168.0,94.3,1.6690683,45.906062332580426,0.9784658026099988,0.9791773520126008,0.9807088060196564,1.4217112,46.60268972991109,0.9824457009244804,0.9816360840209274,0.9813563578023884,2.7826056,43.68628694779088,0.9625714839367432,0.9618084185683132,0.9620629062018856
DSC02623,JPEG,3,Various,0.2073321999996551,96.506866,4413739.0,30003168.0,85.29,1.0925511,47.746386093104704,0.9846979535229224,0.9853832518957768,0.9866134499189976,1.0730393,47.8246472966359,0.984687410857494,0.984538079598204,0.9847238506696966,2.0002213,45.120023319741264,0.9708153880972368,0.9710795525524584,0.9717504337007312
DSC02623,WEBP,1,Various,4.899428000000626,94.98801,789144.0,30003168.0,97.37,1.9529376,45.223920119166,0.9756571782694594,0.9764002713070188,0.9783144063838846,1.4277406,46.58431059056848,0.98216838026048,0.9808480919504128,0.9804220248621596,2.8809066,43.5355117656982,0.9617625119426996,0.9600304784457612,0.9598804843825368
DSC02623,WEBP,2,Various,6.336803299996973,95.668931,1624812.0,30003168.0,94.58,1.5205413,46.31082129211285,0.9796527014116504,0.9803979650626794,0.9820194138608532,1.1942531,47.35983988140968,0.9841171146887138,0.9833779945238036,0.9832569025931062,2.2090158,44.68881531777111,0.9697860049007436,0.9692536222996598,0.969540518197015
DSC02623,WEBP,3,Various,14.591615499997715,96.631128,4542128.0,30003168.0,84.86,0.84019595,48.88699796494686,0.9880970930907242,0.9885888190130276,0.9895294078847596,0.99923855,48.13411178795907,0.9865261196631496,0.9862291345110002,0.986234736358624,1.6564225,45.93909242898946,0.9765939843941596,0.9765854590554832,0.9769744464179312
DSC02633,AVIF,1,Macro,0.7301582000000053,88.85558,787849.0,37417235.0,97.89,3.6666079,42.48815887545255,0.94581151723235,0.9457685441595456,0.9469552026476948,3.0762901,43.2505305879634,0.9556943266955747,0.9535763876506566,0.9526419634974368,4.7007337,41.409147213118224,0.933275121872146,0.9311528802107992,0.930398186521583
DSC02633,AVIF,2,Macro,0.8667502999996941,90.445641,1703502.0,37417235.0,95.45,2.8440335,43.59145644875228,0.9577595553250932,0.9580637324962232,0.9591884836501972,2.6996295,43.81776197752144,0.9596940455587608,0.9587160315172204,0.958377591053813,3.9573274,42.15678398462592,0.9424837566448772,0.9418212118301448,0.9417431875111886
DSC02633,AVIF,3,Macro,1.1195805999996082,92.838671,4622497.0,37417235.0,87.65,1.4913563,46.39498979101951,0.9782290707195624,0.9784832428057776,0.979111659942722,2.2898183,44.53279331597278,0.9654843961685146,0.9650084348768286,0.9649001004601712,3.2177305,43.055306787794166,0.953098450699434,0.952915059400774,0.9530345858252808
DSC02633,HEIC,1,Macro,2.9176451999992423,89.741775,667123.0,37417235.0,98.22,3.5811415,42.590589024518415,0.947558916711894,0.9476517151653416,0.9488867701356934,3.3593798,42.868212665229535,0.953611109132905,0.9502545508165836,0.94837202810261,5.011641,41.13100404102824,0.9298606319268234,0.9261943902935504,0.9244980183254502
DSC02633,HEIC,2,Macro,4.435088199999882,90.829063,1820693.0,37417235.0,95.13,2.5346706,44.091588266517824,0.9628653891948156,0.963201908477052,0.9643404264711808,2.988484,43.37629420221735,0.9559720090830528,0.9541468141779224,0.9533266591138032,4.1634083,41.936313655221696,0.9391027462880744,0.9378257210645924,0.9373658931289456
DSC02633,HEIC,3,Macro,4.04073210000206,92.86499,4671488.0,37417235.0,87.52,1.4119037,46.63275276378386,0.9795581704582892,0.9798033686002346,0.9804932982278608,2.282151,44.54735975114487,0.9651351229655152,0.9646384983277868,0.9644718347283222,3.0729961,43.25518349153732,0.954682457270488,0.9544897118001272,0.9545369944922216
DSC02633,JPEG,1,Macro,0.0775719999983266,86.179057,767419.0,37417235.0,97.95,4.4568205,41.64055204686649,0.937506376363068,0.936771809040702,0.9373948654854116,3.4128435,42.79963990732301,0.953679758456178,0.9502644293769869,0.9482732895148582,5.3331146,40.86099442925834,0.9277485998200276,0.923129147341484,0.920777870495436
DSC02633,JPEG,2,Macro,0.0594345000026805,89.129672,1777580.0,37417235.0,95.25,3.3572397,42.87098002475869,0.9506986687113528,0.951060088893576,0.9522625676686192,2.9804084,43.38804595853706,0.9560364793961068,0.9543314475723468,0.9536239742368464,4.53257,41.56735852238487,0.9344849229476412,0.9328390293802564,0.9323459440884676
DSC02633,JPEG,3,Macro,0.1076047999995353,92.360928,4419667.0,37417235.0,88.19,2.1760695,44.754075892276845,0.9677840411914368,0.9683310283726144,0.9693177897626456,2.379716,44.3655523486472,0.9629878210690416,0.96278956637504,0.9628402818685716,3.5380602,42.6431513948853,0.9468057636817744,0.946964028883054,0.9472749321033972
DSC02633,WEBP,1,Macro,4.528479000000516,91.073689,782742.0,37417235.0,97.91,3.8604896,42.26437981124931,0.941988233419855,0.9420582994953977,0.9434494310152626,3.140065,43.16141719948504,0.9547237545991564,0.9520953934127788,0.9508617626552506,4.5500693,41.55062352129769,0.9353449489058584,0.9325162977477656,0.9314113194803578
DSC02633,WEBP,2,Macro,6.817561099996965,90.903316,1586442.0,37417235.0,95.76,3.2838113,42.96702159582263,0.9504968647019344,0.9508829503237374,0.9522702131846738,2.7851772,43.6822752281004,0.9587841532219878,0.9571055394760628,0.956368333580734,3.890901,42.23030152667,0.9436032121660536,0.942051901159827,0.9415204131579216
DSC02633,WEBP,3,Macro,7.475570400001743,92.169599,4724374.0,37417235.0,87.37,1.8071811,45.56078698515524,0.9732648309980916,0.9736697980183158,0.9745073966381684,1.7289653,45.75294086451368,0.9736801582655252,0.9732835004313116,0.9731354903997554,2.3870544,44.35218032957286,0.9646809442180312,0.9644560828400984,0.9644560122635302
DSC02637,AVIF,1,Macro,0.6919078999999329,92.530322,740067.0,36501714.0,97.97,3.3823645,42.838599508422405,0.9531642658472124,0.9540540310042144,0.95646158937421,3.1373267,43.16520609533083,0.9562307107264164,0.9539795996625068,0.9531238062955696,3.8229074,42.30686560728742,0.9469062625206184,0.9444968436341252,0.943607674019329
DSC02637,AVIF,2,Macro,0.8765772000006109,94.369115,1734592.0,36501714.0,95.25,2.5278177,44.103346099235296,0.9643650464419524,0.9654025434175928,0.9674152098379832,2.6415513,43.912213081204506,0.9611241998803433,0.9603434226029196,0.9602869247423748,3.1621962,43.13091549283983,0.9540314501846292,0.9533442347478372,0.9533474592956058
DSC02637,AVIF,3,Macro,1.407004799999413,95.432282,4595537.0,36501714.0,87.41,1.3437856,46.84750363357567,0.9812367429827648,0.9818447579444372,0.9829237148375012,2.2768664,44.55742818242338,0.966244889105214,0.96585704024371,0.9659483727462834,2.6704764,43.86491615310732,0.961068559025524,0.9607832686837124,0.9609339997805252
DSC02637,HEIC,1,Macro,3.401135100000829,92.917884,823907.0,36501714.0,97.74,3.0721972,43.25631257590014,0.957768338590094,0.9588871902515798,0.9612429729569806,3.344259,42.88780464701436,0.954112583157964,0.9510295391358432,0.9496246116215196,3.9330246,42.18353717954426,0.9452265915716418,0.9419085748364792,0.9404424061702484
DSC02637,HEIC,2,Macro,5.989685200001986,93.780036,1895641.0,36501714.0,94.81,2.2463179,44.61609157942161,0.9690311903708956,0.9700920594669338,0.9720354573878874,2.9062464,43.49747917720841,0.9575653935572976,0.9561182573021924,0.9557098478264452,3.3258164,42.91182077961781,0.9511017546978476,0.9498008125098544,0.949460975547697
DSC02637,HEIC,3,Macro,6.147036700000172,94.847511,4643418.0,36501714.0,87.28,1.3093925,46.96010541295848,0.9821521097089329,0.982833887347084,0.984020898434344,2.2283142,44.65103949410249,0.9663618225334905,0.9660518531173434,0.9661700081044052,2.4986079,44.15382263934033,0.9625347042918266,0.9622977354873596,0.9624346479707204
DSC02637,JPEG,1,Macro,0.0794328000010864,87.499059,758962.0,36501714.0,97.92,4.638856,41.46669475547452,0.9419040121409116,0.9420459451898324,0.9441516131434144,4.1635804,41.93613415564713,0.9511818928254616,0.9464535262254952,0.943096114821105,4.5045342,41.59430479578237,0.9423035334764668,0.9373333594323442,0.9342256287294624
DSC02637,JPEG,2,Macro,0.0502512999992177,92.647695,1695330.0,36501714.0,95.36,3.0808043,43.24416262282657,0.9574491549288988,0.958637110123548,0.9608856346146316,3.066103,43.2649363531742,0.9556782465162514,0.9539148956425408,0.9533839261710144,3.6527557,42.50459743467832,0.9473280564779896,0.945486107044879,0.9449225735376044
DSC02637,JPEG,3,Macro,0.0650791000007302,94.809175,4367916.0,36501714.0,88.03,1.9283094,45.27903614637181,0.9726906006912804,0.973726924320776,0.97534826866153,2.3589377,44.4036387423604,0.963647432929833,0.9635581728707752,0.9638526090142148,2.7887394,43.67672418057683,0.9573660984535546,0.9573811025828196,0.9577227044600596
DSC02637,WEBP,1,Macro,5.710700999999972,93.54401,730200.0,36501714.0,98.0,3.659912,42.49609710062016,0.9492958436159852,0.9503790680188876,0.9531081493931692,3.2473826,43.01546897033701,0.9545611819304322,0.951628832771948,0.9504557383791704,3.833295,42.29508112573991,0.945914196276914,0.9426942062132228,0.9414352572883004
DSC02637,WEBP,2,Macro,3.539919499999087,93.776871,1915704.0,36501714.0,94.75,2.78425,43.68372135597277,0.9604678177896718,0.9617087099807322,0.964022429826355,2.5776286,44.0186002558789,0.9624624833077716,0.9611544732547748,0.9607525378753214,2.92946,43.46292791701131,0.9572252070548496,0.9559753901534136,0.9556083926025686
DSC02637,WEBP,3,Macro,20.283884300002683,94.467477,4317700.0,36501714.0,88.17,1.7520021,45.69545716793553,0.975337154201732,0.976251455209452,0.9777473037959706,1.7667315,45.65909818119905,0.9734700706097602,0.9731199535061682,0.9731436836708048,1.99384,45.13390048218999,0.9702443927205794,0.9699522114223352,0.9699975016091728
DSC02642,AVIF,1,Macro,0.7720607000010205,91.066071,764470.0,36851550.0,97.93,3.8628497,42.261725589081,0.9511992018721132,0.953258440216684,0.957174376561186,3.2877085,42.96187047281195,0.9549218023972608,0.9519370956574807,0.950561286875536,4.8309464,41.29048147792217,0.9359030662322816,0.9325669265522848,0.9313097670411
DSC02642,AVIF,2,Macro,0.9646739999989222,93.897726,1719392.0,36851550.0,95.33,2.8006003,43.65829227372684,0.9635108775617656,0.965436683953828,0.968517640497872,2.7389033,43.75503652705524,0.9599769044128458,0.9588700680236504,0.958617191233784,3.7955265,42.33808313282076,0.9468853705497212,0.9460215137526096,0.9460077225538202
DSC02642,AVIF,3,Macro,1.169521199997689,95.291801,4613120.0,36851550.0,87.48,1.4765915,46.43819998084439,0.9807675367578742,0.9818855044260422,0.9835492784860896,2.2332647,44.641401591458006,0.9667932901519436,0.9664144695576864,0.9664743717070412,2.974536,43.396611386957616,0.9580206754936126,0.9578845106579964,0.9581449665215755
DSC02642,HEIC,1,Macro,3.330898399999569,91.954835,757470.0,36851550.0,97.94,3.6357534,42.52485956575419,0.9540250781162894,0.9564330155998516,0.9604200164064997,3.5149813,42.6715733115558,0.9530034342831416,0.949031217956172,0.9467959573010868,4.935457,41.19752973817236,0.9341780380576028,0.9298808879459504,0.9278942295812364
DSC02642,HEIC,2,Macro,7.395237099997757,93.242384,1557917.0,36851550.0,95.77,2.7389443,43.7549715013102,0.9650363669191082,0.9671484497826892,0.9704003206967244,3.1054215,43.20959785299992,0.9555817233906044,0.9533169067615216,0.952404902071306,4.1238017,41.97782582417965,0.9418393405596992,0.9400621615498008,0.9395441400651388
DSC02642,HEIC,3,Macro,3.872121899999911,94.7296,4560974.0,36851550.0,87.62,1.441204,46.54354915954882,0.9818163202885112,0.983032198284282,0.984837627308466,2.2727597,44.56526841078912,0.9656692539992622,0.9652423281263056,0.9652625980491788,2.9056046,43.49843860126924,0.9578407562337338,0.9577194235978406,0.9579474797265772
DSC02642,JPEG,1,Macro,0.0436718999990262,81.534078,754896.0,36851550.0,97.95,6.562341,39.960215677279066,0.9276838452360582,0.9287260799537084,0.9331940049200343,4.49089,41.60747941381524,0.9497219550853744,0.943831914433426,0.9390969203166272,6.086739,40.28695689790453,0.9292660441599426,0.9224539959975327,0.9178903559425498
DSC02642,JPEG,2,Macro,0.0883476999988488,91.693919,1727766.0,36851550.0,95.31,3.4911852,42.7010748476183,0.9557638614791758,0.9580736913199857,0.9616565831333664,3.2575917,43.0018369696098,0.9547819850734636,0.9524016525467576,0.951267473039256,4.468417,41.62926649735517,0.9386517758567487,0.936451136105682,0.9356567012966258
DSC02642,JPEG,3,Macro,0.113198300001386,94.671213,4458125.0,36851550.0,87.9,2.0500987,45.01305607575468,0.9730364965445956,0.9747535315564396,0.9771143489279992,2.3706932,44.38204995595152,0.9634767285904936,0.9633569066277056,0.9636056729147976,3.2080443,43.06840022777909,0.9524770703853368,0.9527005554304104,0.9532088250758752
DSC02642,WEBP,1,Macro,5.229818499999965,92.36265,755192.0,36851550.0,97.95,4.5249286,41.57468632586873,0.943081878045331,0.9453679691312696,0.9501344495481312,3.3737469,42.84967849801226,0.9537810315331652,0.9501291738791908,0.948347605796955,4.75262,41.361472612264485,0.9354385713483566,0.9312300797603082,0.9295608857087416
DSC02642,WEBP,2,Macro,6.13064740000118,93.443942,1771328.0,36851550.0,95.19,3.3012002,42.944085253698205,0.956775113831432,0.959138831775316,0.9629281058695508,2.886794,43.52664536049694,0.9584310366472246,0.9564571194691878,0.9557447907772978,3.7831526,42.35226480065214,0.9463613760101856,0.9445392801509596,0.9440854442241888
DSC02642,WEBP,3,Macro,34.51632040000186,94.210767,4480376.0,36851550.0,87.84,2.0864503,44.936723025101735,0.973142686541564,0.9748835661190632,0.9773534238592372,1.784453,45.61575249107297,0.973265956570863,0.9728215806835956,0.972770528090108,2.2640526,44.58193856979901,0.967179135191951,0.9669229013502548,0.9670230288603476
DSC02645,AVIF,1,Macro,0.7406752000024426,92.539665,776674.0,36821137.0,97.89,3.2918222,42.95643970841158,0.95178702751213,0.9523527441503182,0.9546303687919492,3.2092724,43.06673770849822,0.9543208741937068,0.952353157919961,0.9516802984905032,3.8693097,42.25446895565138,0.94558377839038,0.943474282422302,0.9427112746343388
DSC02645,AVIF,2,Macro,0.6709602999981144,93.273288,1661446.0,36821137.0,95.49,2.5846632,44.00676416232638,0.9618281855712634,0.962579745454614,0.964523537189017,2.7734146,43.70065576966794,0.9589278715589256,0.9581485357199294,0.9580905595598108,3.2946203,42.9527499540322,0.9520416908530857,0.951331267603921,0.9512690984378412
DSC02645,AVIF,3,Macro,1.1051219000000856,94.519449,4580817.0,36821137.0,87.56,1.3537802,46.815322246152775,0.9803015767885924,0.9807568941440216,0.9817720412951558,2.3794541,44.36603037950774,0.9645004967447686,0.9641159342715184,0.9642049111269436,2.7853951,43.68193551255235,0.9593946349839,0.9590852905596124,0.9591819237495216
DSC02645,HEIC,1,Macro,4.496448900001269,93.087413,768198.0,36821137.0,97.91,3.0889337,43.23271764188647,0.9550757306453418,0.9558288379476092,0.95817231829531,3.4472854,42.75603120117057,0.9519930303288906,0.9490174531607296,0.9476919214947486,3.9912183,42.11974869992317,0.9436810035120065,0.9404983222240152,0.9390928525731967
DSC02645,HEIC,2,Macro,7.277455100000225,93.148025,1491263.0,36821137.0,95.95,2.4883265,44.1717297411256,0.9637421207707192,0.9645659070919528,0.966657853406196,3.1556025,43.13998058882838,0.9541631196104772,0.9523454435487916,0.9517441819149676,3.5792043,42.59293861557455,0.9474796925587718,0.9457600437681076,0.9451721266955352
DSC02645,HEIC,3,Macro,6.480893899999501,94.484753,4913835.0,36821137.0,86.65,1.2559289,47.14115323694203,0.9819421935223028,0.9824299671451688,0.9835412393654206,2.2712407,44.56817200170936,0.9655347800122436,0.9652522846022684,0.9653773649111078,2.5114427,44.13157080567069,0.9621326540165712,0.9618930217742608,0.9619836348727048
DSC02645,JPEG,1,Macro,0.0791257000018959,90.364699,746257.0,36821137.0,97.97,4.107845,41.994663398266624,0.943333781894532,0.9432205781428454,0.9451816240259568,3.7610087,42.37776006996815,0.9505584473720562,0.9466863579915434,0.9443703420582604,4.3547535,41.74116788320696,0.9419158832834,0.937632796014026,0.9351963998350636
DSC02645,JPEG,2,Macro,0.0631094999989727,92.189436,1704509.0,36821137.0,95.37,3.0579565,43.27649072299839,0.95538352722292,0.9561869548036008,0.958328341183917,3.1299846,43.17538174386638,0.9542192585930264,0.9525634377410288,0.9520930629058608,3.6737106,42.47975422876986,0.9464418381208052,0.9446827024697918,0.9441239900221772
DSC02645,JPEG,3,Macro,0.1156819000025279,94.234899,4791067.0,36821137.0,86.99,1.8816526,45.38540893050544,0.9721562331577288,0.972963410258722,0.9744814482759612,2.4207623,44.29128208311867,0.9624912083559586,0.9624727996306452,0.9627908236021192,2.806829,43.648644164081496,0.9568537638827562,0.9569190570777688,0.9572264792739262
DSC02645,WEBP,1,Macro,5.475725399999647,93.781607,797332.0,36821137.0,97.83,3.4441779,42.759948015007794,0.9488871236885862,0.9496319430472084,0.952189134740688,3.336511,42.897878146594834,0.9525560701796394,0.9499556807888904,0.9489782768700082,3.8460763,42.28062488834368,0.9448239678750382,0.9420107383931337,0.9409403676631816
DSC02645,WEBP,2,Macro,5.887973800003238,93.629751,1841708.0,36821137.0,95.0,2.8170915,43.63279426672538,0.9578258261750572,0.9587298744023102,0.9609878725880108,2.7009535,43.815632657589504,0.9604368288420916,0.959137319606611,0.9587300515188576,3.0231752,43.32617025228531,0.955612627617616,0.9543505672317748,0.9539286800908684
DSC02645,WEBP,3,Macro,12.626834300001065,93.803174,4280344.0,36821137.0,88.38,1.7899653,45.60235744940401,0.9736039720486436,0.9743126516948512,0.9757555779631588,1.8697532,45.412960665993296,0.9718012345822438,0.9714305266388364,0.9714401610105746,2.0709224,44.9691654621209,0.968939293434586,0.9686178281671632,0.968613666130159
DSC02651,AVIF,1,Macro,0.6539991999998165,91.314749,772294.0,36318185.0,97.87,3.17628,43.11161557322996,0.95564066498631,0.956178894791983,0.958093860892065,3.05966,43.27407191082837,0.9570247132440766,0.9549241958422848,0.9541160614032016,3.506032,42.68264479303768,0.9507930526411662,0.9485253122443696,0.9476397574420556
DSC02651,AVIF,2,Macro,0.7980405999987852,93.593574,1657939.0,36318185.0,95.43,2.4441826,44.24946715976826,0.9651153785121764,0.9658494472470752,0.9675029523926432,2.6386404,43.91700151357124,0.9611658757479068,0.9603368613378878,0.9602254424564132,2.9832556,43.38389875092929,0.9562939928533596,0.9555033903529536,0.9553868733469494
DSC02651,AVIF,3,Macro,1.3979357999996864,95.160678,4418187.0,36318185.0,87.83,1.3259706,46.90546448651544,0.981211785763264,0.981673422853914,0.9825742016719724,2.2760088,44.55906410409541,0.9662367797247736,0.965805012545214,0.9658459150614768,2.5294428,44.10055489050797,0.9627978658990444,0.962421509356992,0.9624724408997396
DSC02651,HEIC,1,Macro,3.5494840999999724,91.989911,804962.0,36318185.0,97.78,2.9376588,43.45079028143886,0.9592676224970824,0.9600128954389572,0.961894382865324,3.262012,42.99594794340727,0.9550753244025714,0.952065695643452,0.9506548250098404,3.6362753,42.52423585198472,0.94903742686334,0.9457650554193182,0.9442196966461956
DSC02651,HEIC,2,Macro,4.612864599999739,93.083782,1862016.0,36318185.0,94.87,2.1472478,44.8119819629721,0.9699597748772404,0.970719340207216,0.9722915603354192,2.8485906,43.58450325182781,0.9582712742157165,0.9568294018468216,0.9563990575302894,3.103779,43.21189574173964,0.95395032162781,0.9525648725363351,0.9521193117632568
DSC02651,HEIC,3,Macro,9.72703470000124,94.438162,4598211.0,36318185.0,87.34,1.2599293,47.12734187777989,0.9825052406269348,0.9830040941179898,0.9839614321458244,2.185845,44.73461023387547,0.9668342555804345,0.9665166186972044,0.966609586206302,2.338344,44.4417195098934,0.9645077478591176,0.9642073602665164,0.9642589463919016
DSC02651,JPEG,1,Macro,0.0795748999989882,85.73532,756978.0,36318185.0,97.92,4.3901544,41.706005605166034,0.9447136576198338,0.944510936430748,0.9461016205426248,3.7100558,42.4369994007409,0.9536843146318088,0.949688240535046,0.94707590950245,4.2592187,41.83750427552605,0.9472704175917144,0.9426234991002004,0.9395254319522772
DSC02651,JPEG,2,Macro,0.089481799997884,91.958756,1756333.0,36318185.0,95.16,2.870607,43.55106627846893,0.9599858410485496,0.9607935118720948,0.962577242270706,2.9355178,43.45395634673359,0.9574492899342972,0.955812762591609,0.9552979037750076,3.3070548,42.936389944685686,0.9517791388684702,0.9499965556348682,0.9493686012801276
DSC02651,JPEG,3,Macro,0.1794341999993776,94.697008,4768049.0,36318185.0,86.87,1.7433077,45.71706330314751,0.9749162726504348,0.9757089024016856,0.9770075992092698,2.2775297,44.556163031233794,0.9648383180409574,0.96478481639086,0.9650632283124386,2.5323412,44.09558122405636,0.9608354710631972,0.9608339377555468,0.9610988462985433
DSC02651,WEBP,1,Macro,4.245794500002376,92.142706,796222.0,36318185.0,97.81,3.4228406,42.78693684896156,0.9520250847619393,0.952773265209578,0.9550270424552724,3.1101928,43.20293058101826,0.9559385424603988,0.95334483767271,0.9523404387927996,3.4810011,42.71376190765535,0.9503454881233396,0.9475185477634738,0.9463741833891592
DSC02651,WEBP,2,Macro,6.815970299998298,92.931113,1832774.0,36318185.0,94.95,2.6853118,43.84085629343709,0.9615229500165732,0.9624503310745252,0.964388354306282,2.5250378,44.1081247884441,0.9630154855387107,0.9617494721563912,0.9613484595413708,2.7486994,43.73953108286058,0.9596125357425652,0.9583154026208756,0.95784508361877
DSC02651,WEBP,3,Macro,10.555727499999191,94.346873,4697780.0,36318185.0,87.06,1.5181478,46.31766294254796,0.97825723900243,0.9789020830420256,0.9800190589180708,1.725757,45.76100718826552,0.973709387400092,0.9734541555340774,0.9735306165706472,1.8613544,45.43251278179845,0.9717155879421004,0.9714645170623226,0.971506080924572
DSC02655,AVIF,1,Macro,1.044896499999595,92.474988,756823.0,36673317.0,97.94,3.5081227,42.68005587080764,0.9534043767705204,0.9542595681639844,0.9562345199283622,2.9191442,43.4782483360558,0.9600995433180024,0.9577610778941682,0.9566001635648088,4.2479773,41.84898172657182,0.9414747316385116,0.939061559333096,0.938164286727274
DSC02655,AVIF,2,Macro,0.9683380000024044,94.580719,1751181.0,36673317.0,95.22,2.5876071,44.00182024808061,0.9645799716108994,0.965468800097393,0.9670393638500836,2.4754171,44.19431980468048,0.964036070246622,0.9630906074393992,0.962770282478299,3.4492772,42.75352256719189,0.9504008941925766,0.9497850648377058,0.9497783293938588
DSC02655,AVIF,3,Macro,1.4098073999994083,95.926065,4630146.0,36673317.0,87.37,1.3553573,46.81026581789474,0.9814457846165324,0.9819424765215612,0.9827461748658332,2.1396,44.827477536902094,0.968669191246309,0.9681611634354148,0.9680347154728084,2.8809779,43.535404283984825,0.9584658579810408,0.958242227340987,0.958381102655777
DSC02655,HEIC,1,Macro,4.032932199999777,92.097393,650016.0,36673317.0,98.23,3.510918,42.67659668683388,0.9547504496274316,0.9559535205633534,0.9581401611329248,3.1015906,43.21495878223515,0.9588869006641754,0.9554926836126872,0.9534496670291546,4.5841093,41.518253934609206,0.937926937087267,0.9338769026191452,0.9319421973241292
DSC02655,HEIC,2,Macro,2.6972032000012405,93.447545,1590089.0,36673317.0,95.66,2.5517142,44.06248324047596,0.9666137416675794,0.967691239003374,0.9694717120578084,2.8035982,43.65364608196372,0.9599457770540984,0.9578101139194194,0.9568267583470732,3.852203,42.2737118602092,0.944574601884458,0.942943168337595,0.9424207124892756
DSC02655,HEIC,3,Macro,6.966673300001276,94.930022,4846890.0,36673317.0,86.78,1.3276194,46.90006761990326,0.9828613073188638,0.9835165441821044,0.9845281780769995,2.055911,45.00076047963397,0.9687451009224264,0.968293647891422,0.9681857825816048,2.6798587,43.84968480027291,0.960436086245445,0.9603033495494332,0.960450321964478
DSC02655,JPEG,1,Macro,0.0406310000034864,87.697654,761157.0,36673317.0,97.92,4.9281654,41.20395091062573,0.9427895078861226,0.9435438748865363,0.945816419906133,3.4504204,42.752083395825984,0.9573924758494072,0.9533200875400634,0.9503775356826883,4.9565253,41.17903027371744,0.936113774279606,0.9310679079316224,0.92820772779871
DSC02655,JPEG,2,Macro,0.0831287000000884,92.866686,1718522.0,36673317.0,95.31,3.2232382,43.04787938033166,0.9574252334881956,0.9585281801138056,0.9603535925622368,2.7507708,43.73625942959603,0.9602303574412144,0.9583838378799324,0.9575610359426964,4.040556,42.06639225017981,0.9424234431577104,0.9406351256389632,0.9400693998897915
DSC02655,JPEG,3,Macro,0.0681785000015224,95.138255,4424259.0,36673317.0,87.94,1.9766508,45.17150415926921,0.9728452624349976,0.9737524380345858,0.97502192427921,2.1373289,44.83209007693482,0.9668341932215144,0.9666036043597286,0.9666627111585416,3.0487187,43.28963017614598,0.954068039648421,0.9541841811859656,0.954532706211746
DSC02655,WEBP,1,Macro,2.621319499998208,92.261913,734390.0,36673317.0,98.0,3.8664856,42.257639582188126,0.9494176443954612,0.950771220312306,0.9534003371213612,2.917269,43.481039036321576,0.9591880955919612,0.9562996986589762,0.9548862453242248,4.2943645,41.80181449254043,0.9400064424477038,0.9365331139292457,0.9351556018632342
DSC02655,WEBP,2,Macro,4.342887700000574,93.346617,1535874.0,36673317.0,95.81,3.1139276,43.19771847704982,0.9580708974322796,0.9593314860780564,0.9614419926424748,2.551247,44.0632787111126,0.9629643477322972,0.9612175227279148,0.96049743160971,3.4741778,42.722283094929374,0.9498644311714702,0.9482599906998432,0.9477795203098268
DSC02655,WEBP,3,Macro,9.749432499997056,94.713799,4814420.0,36673317.0,86.87,1.6452626,45.96845137835739,0.9778203865181458,0.9786214591978974,0.9797594974198413,1.630282,46.00817635211506,0.9752044030611754,0.9748218814365198,0.9747329182611778,2.1686463,44.76891634333942,0.9676551505218518,0.9674744817686785,0.967571364313299
DSC02662,AVIF,1,Macro,0.5544717000011588,92.230007,770460.0,37604515.0,97.95,3.882072,42.2401678635494,0.9452300825492418,0.9461014800069636,0.9489405329209952,3.501841,42.687839482023065,0.9509496558021138,0.9483148933132584,0.9472819670339474,4.8133435,41.30633499136295,0.932939516497842,0.9300557497990548,0.9291074627811856
DSC02662,AVIF,2,Macro,0.7047091999993427,93.355297,1660822.0,37604515.0,95.58,2.9883242,43.37652653985696,0.957350263049758,0.9583887420927132,0.9607665050649624,3.0122132,43.34194649135772,0.9557686796262151,0.9546897074400306,0.954477351279184,4.0085297,42.10095246401552,0.9421292118873404,0.941273804208552,0.9412329170376954
DSC02662,AVIF,3,Macro,1.194221500001731,94.193003,4414857.0,37604515.0,88.26,1.6589173,45.93255642144496,0.9766772302039096,0.9773545112942118,0.9786861787460186,2.4468026,44.244814123103936,0.963548642338626,0.9631944592498752,0.9632798408940716,3.1348944,43.16857459235264,0.954536705545893,0.9543889036546368,0.9546067919258788
DSC02662,HEIC,1,Macro,5.89923170000111,92.734155,717679.0,37604515.0,98.09,3.742815,42.39881996823758,0.9473244713252964,0.9484541965524508,0.951414240054973,3.707614,42.43985869543627,0.949325024776861,0.9457022330105144,0.9438698748879591,4.9698586,41.16736321503912,0.9312908987310464,0.9272846464096856,0.925495212470218
DSC02662,HEIC,2,Macro,7.022218599999178,93.07923,1784976.0,37604515.0,95.25,2.6863174,43.83923028952161,0.9622613719736088,0.9633703470061672,0.965751030146324,3.28661,42.96332196064466,0.9521087212601383,0.9502204127204936,0.9495836223113836,4.1764073,41.92277498796656,0.939234265980408,0.9377437204697008,0.9373302024976604
DSC02662,HEIC,3,Macro,11.808231200000591,94.341857,4489192.0,37604515.0,88.06,1.5121418,46.334878263858286,0.979030802035904,0.979710360633422,0.9810884653867888,2.5248835,44.10839026345021,0.961853224638191,0.9614225522344482,0.9614674174147124,3.1041794,43.21133535366411,0.9541777699881162,0.9539488220387295,0.954092898342282
DSC02662,JPEG,1,Macro,0.0768223999984911,88.512642,761783.0,37604515.0,97.97,5.0777307,41.07410715523966,0.9326566170973792,0.9327299991943996,0.9353813058540242,4.045053,42.061561527429646,0.9482709449529344,0.9441395397386056,0.941729326601574,5.6211348,40.63256373478717,0.9282165458919268,0.9226454935308948,0.9193491382920844
DSC02662,JPEG,2,Macro,0.090372099999513,92.001714,1729293.0,37604515.0,95.4,3.5814145,42.59025780322861,0.9495338704693316,0.9507812122391368,0.9535075464471692,3.384716,42.8355814030913,0.9513258034912238,0.9493327766423556,0.9485969113983213,4.5439415,41.55647635869167,0.9352371382286896,0.9332594861580068,0.9326377906068536
DSC02662,JPEG,3,Macro,0.1081144999989192,94.117252,4604427.0,37604515.0,87.76,2.1824615,44.7413376715994,0.9688501686015032,0.9699172589743684,0.971763639641673,2.5808148,44.01323519925807,0.9602354345583002,0.9601646422351976,0.9604506347070108,3.4217515,42.78831899046568,0.9484999613789084,0.9486705445515956,0.9490865046831856
DSC02662,WEBP,1,Macro,3.975743999999395,93.880062,783190.0,37604515.0,97.92,4.156002,41.94404599935885,0.9404103707906636,0.9414864934066748,0.9447936489643176,3.5509627,42.627342510685295,0.9497376815508116,0.9466822038749988,0.9454554579947156,4.7174287,41.39375018290335,0.9332804833647697,0.929809075291428,0.9285408046739234
DSC02662,WEBP,2,Macro,7.796776699997281,93.825846,1755710.0,37604515.0,95.33,3.4436474,42.76061694520205,0.9500826476169156,0.9513617509984434,0.954260484445386,3.1099045,43.20333303186149,0.9545621627139284,0.9527851940033004,0.9522082105361248,3.921561,42.19621410947448,0.9431377831862524,0.9414403374324428,0.9409837252756938
DSC02662,WEBP,3,Macro,33.71593070000017,93.75711,4705258.0,37604515.0,87.49,2.0516691,45.00973039097512,0.9710926857521348,0.9720461280046682,0.9738073406565924,1.9254689,45.28543870574386,0.9710275610209578,0.9706638195366786,0.9706736190004004,2.3908877,44.34521188396242,0.964634835405598,0.9644010514934768,0.9644823002297376
DSC02666,AVIF,1,Macro,0.7327748000025167,93.764449,757893.0,35977407.0,97.89,3.0641267,43.2677363970177,0.9549230231490876,0.9553136028097904,0.9573844159202431,2.714135,43.79448931947962,0.9621448442776176,0.9602879195638332,0.9595533158163828,3.7774088,42.35886381242918,0.94653163121514,0.9445961456121824,0.94393087419044
DSC02666,AVIF,2,Macro,1.08674190000238,94.479982,1727738.0,35977407.0,95.2,2.3684003,44.38625248154919,0.964861486382773,0.9654715995493408,0.9672596839861084,2.3659585,44.39073242603727,0.9655155101526984,0.9646921617726376,0.964535676396701,3.1758368,43.11222170467104,0.9535797559471167,0.9529329305427928,0.9529066434022192
DSC02666,AVIF,3,Macro,1.0809326999988116,95.211593,4359393.0,35977407.0,87.88,1.3249388,46.908845403099455,0.9806139772116964,0.981015927480797,0.9820181710609648,2.1156166,44.87643401082079,0.969079968699884,0.9685914081448675,0.9685655564461538,2.7536073,43.73178359386056,0.9597601763727054,0.9594475785443792,0.9595457768927484
DSC02666,HEIC,1,Macro,6.592842600002768,93.916366,714388.0,35977407.0,98.01,2.9278412,43.46532861591708,0.9576942934646836,0.9583160267169548,0.9604730601804394,2.8579378,43.57027594523926,0.9605811434645032,0.957822535741698,0.9564189154394818,3.9545498,42.159833265774566,0.9442049105372846,0.9411354278256476,0.939785599038444
DSC02666,HEIC,2,Macro,6.364993799998047,94.093664,1840056.0,35977407.0,94.89,2.1328957,44.84110739917766,0.9691116588110468,0.9697711713736384,0.971544589368814,2.5461113,44.07202958141991,0.9624983639081334,0.9610364625858052,0.9605504718353792,3.3253043,42.91248971350768,0.950743392566214,0.949590089087208,0.9492702262275088
DSC02666,HEIC,3,Macro,6.813924500002031,95.005749,4688920.0,35977407.0,86.97,1.2337955,47.21837171930484,0.9822553136193316,0.9826912166097512,0.9837723773468634,1.9658918,45.19520727954741,0.9699346016647636,0.9695651407497384,0.9695999197847588,2.4852889,44.177034920636245,0.9626154146214184,0.962412416471772,0.9625243554630856
DSC02666,JPEG,1,Macro,0.0438638000014179,91.432246,757318.0,35977407.0,97.9,3.7797005,42.35622974968953,0.9481323009478904,0.94797136056897,0.949789618559805,3.1370692,43.16556254159995,0.9600373730438836,0.9568238169842396,0.9548594335071754,4.2175984,41.88015139971732,0.9428538165121462,0.938848213512669,0.9367723107507296
DSC02666,JPEG,2,Macro,0.0826331999996909,93.477654,1719708.0,35977407.0,95.22,2.8197854,43.62864305508869,0.9587824379216732,0.9594790550169948,0.9614431501018788,2.626496,43.937036013820936,0.9617730430859556,0.9601400074610944,0.959516137833056,3.6540387,42.50307239608289,0.9467728041363784,0.9451301911536472,0.9446256528148322
DSC02666,JPEG,3,Macro,0.0657667999985278,94.89953,4638938.0,35977407.0,87.11,1.7892096,45.60419140315459,0.9734866191342688,0.9741942807336728,0.975628717244344,2.039275,45.03604590679845,0.9681508261254376,0.9680304122939716,0.9682409931414652,2.7926905,43.67057554183043,0.9571587571405122,0.9572418649398976,0.9575626421351248
DSC02666,WEBP,1,Macro,2.669209100000444,94.234721,750024.0,35977407.0,97.92,3.2140672,43.06025400053045,0.9521868344173398,0.9527452757534663,0.955064537482628,2.7002292,43.81679730831073,0.9614281842906816,0.9591316907137024,0.9582167593390162,3.8025925,42.3300057474505,0.9456110450529388,0.9428321174102988,0.941801411759114
DSC02666,WEBP,2,Macro,5.590352600000188,94.481472,1720756.0,35977407.0,95.22,2.6708884,43.86424621371376,0.9597463542687504,0.9605090707921864,0.9626268897946728,2.2445312,44.61954731724062,0.9669081658239308,0.9656632219071286,0.9652278269716624,2.9542565,43.426321434598506,0.9566651923655114,0.95544992373971,0.9550533101733878
DSC02666,WEBP,3,Macro,8.9915424000028,94.600619,4603080.0,35977407.0,87.21,1.5355967,46.26803178836334,0.9771691756421464,0.977763059775584,0.9790313636722052,1.5395765,46.25679085893885,0.9763543676212368,0.9760493386991262,0.9760658199630844,2.0164688,45.08488870433872,0.9694403387841304,0.9692318079100692,0.9693068769447012
DSC02672,AVIF,1,Macro,0.8394556999992346,94.056894,765507.0,38810601.0,98.03,4.7721343,41.34367699842417,0.9373980315283484,0.9387863072821492,0.9417571980249692,3.91948,42.19851907929719,0.9481534379584798,0.9456615048567668,0.9449175162156084,7.247355,39.52900846159512,0.9075612522208436,0.9054700325855816,0.9060136740911984
DSC02672,AVIF,2,Macro,0.7772536999982549,95.430119,1738519.0,38810601.0,95.52,3.4734266,42.72322246857851,0.9537395627803804,0.955070021353949,0.957399300354393,3.368837,42.85600333744408,0.953309807433012,0.9523233125788094,0.9524133336185008,5.7771134,40.51369464698251,0.92435021085248,0.9244650669331486,0.9257102204578508
DSC02672,AVIF,3,Macro,1.1264068999989831,96.001392,4405353.0,38810601.0,88.65,1.8900812,45.36599915161957,0.974838119052038,0.9756584405041904,0.9769552974322412,2.7281947,43.772050136671,0.9612676479712882,0.96112864149686,0.9615380015939464,4.4512086,41.64602402312224,0.941542267389858,0.9422448975698446,0.9434979376719924
DSC02672,HEIC,1,Macro,4.345693100000062,93.840504,663559.0,38810601.0,98.29,4.7634387,41.35159775292414,0.9378556697402068,0.9394765378142524,0.9427153385748666,4.393114,41.70307878509044,0.944853296300682,0.9413624891630138,0.9398624212053892,7.894024,39.15781938067568,0.9013798372022968,0.8982020753767024,0.8980789967860553
DSC02672,HEIC,2,Macro,10.005206999998336,94.82748,1611968.0,38810601.0,95.85,3.4149768,42.796926040725374,0.9557471248979458,0.9572807009963904,0.9598855308863504,3.957242,42.15687741968294,0.9470545644559089,0.9448750373053972,0.94440017160954,6.4713473,40.02085662233523,0.9168341485200228,0.9162824798928172,0.9173280899635576
DSC02672,HEIC,3,Macro,4.035708199997316,95.792521,4792646.0,38810601.0,87.65,1.6652608,45.915980995187056,0.9787697247502408,0.9796490787790412,0.9810386677083004,2.9229693,43.4725608899374,0.9587410159409824,0.9585882193871686,0.9590591082690362,4.540738,41.55953916897887,0.9416251112783486,0.9424198260043566,0.943749200187662
DSC02672,JPEG,1,Macro,0.0770449000010558,90.96335,755298.0,38810601.0,98.05,6.7569256,39.83331243741031,0.9180123121685756,0.9185585832222876,0.921406720179572,4.8777766,41.248584652932536,0.9422871922461376,0.9380921555923531,0.935836756097212,9.265423,38.46215116420087,0.8924618115616447,0.8865337797644216,0.8847992901938836
DSC02672,JPEG,2,Macro,0.0855327999997825,94.467286,1703576.0,38810601.0,95.61,4.5499096,41.55077605910338,0.9406989745082645,0.9423124938522872,0.9450631743366872,3.969128,42.143852766009104,0.9465624840552256,0.9446349753585664,0.9442906882208985,7.272518,39.51395534328686,0.9069707368427108,0.905896587238228,0.9069031043260164
DSC02672,JPEG,3,Macro,0.1145404999988386,95.955544,4420260.0,38810601.0,88.61,2.6761966,43.8556235882199,0.9642263509201467,0.965544969852827,0.9674187745931304,2.9841416,43.38260928348177,0.9564167776898532,0.9565180024411554,0.9571702196030152,5.2724633,40.910668057291424,0.9287752266170384,0.9299958589937816,0.9316715086128724
DSC02672,WEBP,1,Macro,4.445001399999455,94.039933,741274.0,38810601.0,98.09,5.3853707,40.81864765207128,0.9284224496895612,0.9298100832837346,0.9330618625098408,4.0300174,42.0777343824311,0.946231581949179,0.9432000864073434,0.9423157101068728,7.428068,39.42204458998702,0.905112692252354,0.901523859862696,0.9013276306648116
DSC02672,WEBP,2,Macro,5.981398599997192,94.866375,1764270.0,38810601.0,95.45,4.081645,42.02245140760802,0.9451602356853224,0.9467345683821904,0.9495308456567758,3.4315965,42.77584147111567,0.9521952253714756,0.9505917328115506,0.9504414263498414,5.7056913,40.567720902714,0.9250365996245344,0.924179729095108,0.9250003999944292
DSC02672,WEBP,3,Macro,25.716507600001933,95.703596,4580208.0,38810601.0,88.2,2.3905306,44.34586055433587,0.9686139238519262,0.9697525176699694,0.971474045291674,2.526258,44.10602676748219,0.9634378559191564,0.9630963617720508,0.9633996417963536,4.085117,42.01875871030178,0.9453735787384092,0.9456565953386524,0.9466522643896296
DSC02679,AVIF,1,Macro,0.7817408000009891,91.81965,766770.0,39471224.0,98.06,5.26885,40.91364545403604,0.9266868826522192,0.9278682559638096,0.9307904628630544,4.108621,41.99384265741979,0.9444071656696384,0.9413533630406729,0.9398908843645816,8.508331,38.832359745943,0.8888905709189755,0.8861263398512361,0.8856604889321874
DSC02679,AVIF,2,Macro,0.9095338999977683,92.811587,1706030.0,39471224.0,95.68,3.9664412,42.146793427561136,0.944805377088626,0.9460900799543592,0.9484945936889668,3.5815132,42.59013820231,0.9496100983852662,0.9481787062301028,0.9477074237844756,6.8351355,39.78333234172518,0.9089579599280482,0.908745253557408,0.9092375332086452
DSC02679,AVIF,3,Macro,1.368976300000213,94.203803,4766363.0,39471224.0,87.92,2.0082057,45.10272181477221,0.9726013407500442,0.973370657115006,0.974613411524526,2.847481,43.58619514311575,0.958981003819572,0.958645890296532,0.9587059957595248,5.146689,41.01552453844346,0.9311940974500592,0.9316857468735982,0.9323714987628042
DSC02679,HEIC,1,Macro,2.144941200000176,92.066337,679613.0,39471224.0,98.28,5.2212086,40.9530930409466,0.9269281954231716,0.9283745862677903,0.9316505125579104,4.401004,41.695286090450814,0.9409757518357412,0.9366174246368754,0.9342411441944902,8.967556,38.60406269209757,0.882834068985627,0.8789165456039426,0.8776208651108621
DSC02679,HEIC,2,Macro,5.505794900000183,92.618423,1820322.0,39471224.0,95.39,3.6479764,42.51028348856902,0.9498828736307108,0.9512914000918083,0.9538666936467464,4.0153484,42.09357120553609,0.942971579338945,0.9402774306936292,0.9392188901311784,7.244884,39.53048917110549,0.90361673906659,0.9028341049120768,0.9029603251500466
DSC02679,HEIC,3,Macro,4.187725799998589,93.949574,4569192.0,39471224.0,88.42,1.9417678,45.24883081233209,0.9738842321857596,0.9747400916192028,0.9762021326627748,3.1328716,43.17137777163062,0.9535345629662986,0.952903530710529,0.9528524093237184,5.4174995,40.792814671611175,0.9279758546108576,0.928359928475582,0.9289378273512844
DSC02679,JPEG,1,Macro,0.0583489999989979,89.425311,747956.0,39471224.0,98.11,6.654611,39.89957677273325,0.91122921348024,0.9115258425026996,0.9141609781391375,4.5724277,41.52933506431074,0.9408581630621394,0.9362094931624134,0.9334192120487644,10.082813,38.09498624526452,0.873577988112018,0.8667230666763306,0.8638152003877282
DSC02679,JPEG,2,Macro,0.0874078999986522,91.813783,1746772.0,39471224.0,95.57,4.8724413,41.2533373733376,0.9326375868581738,0.9341766281696876,0.9369554655968764,3.956576,42.15760831186514,0.9435832963031098,0.9413033501507968,0.9404701513874552,8.315281,38.93203444727809,0.8904485407764179,0.8890340427204082,0.8891651641583183
DSC02679,JPEG,3,Macro,0.0669825000004493,93.92648,4492190.0,39471224.0,88.62,3.0100863,43.34501422281319,0.9582568402755184,0.9595746601165548,0.9614926517195376,3.08932,43.23217484503303,0.953281279181046,0.9531290330476918,0.9533769688526827,6.268798,40.15896077855948,0.9149777941713232,0.9160209735346756,0.917047962882024
DSC02679,WEBP,1,Macro,5.035057000000961,92.893561,820790.0,39471224.0,97.92,5.7167945,40.55927766061014,0.9190208575603483,0.9202784159925383,0.9235936826370322,4.150055,41.95026528690876,0.9419811549578808,0.9383443854921096,0.9367287563458372,8.382277,38.89718367261574,0.8905933598818839,0.8867651745126769,0.8856907536287176
DSC02679,WEBP,2,Macro,5.778177299998788,92.898975,1843462.0,39471224.0,95.33,4.4776516,41.62030053832012,0.9366325097360432,0.938114681324884,0.9409780748461486,3.597974,42.5702231673818,0.9479470731856332,0.9458569555928004,0.9450978107421468,6.6044564,39.93243290350794,0.9122417399644572,0.911137333868008,0.9111981212526108
DSC02679,WEBP,3,Macro,38.7146868000018,93.382167,4749276.0,39471224.0,87.97,2.5741735,44.02442547048465,0.965299920174573,0.966400146399632,0.9681451447603316,2.4474027,44.24374921477372,0.9635182678749432,0.9629605464688932,0.962890860815904,4.515555,41.58369236660686,0.9393174218979264,0.939448459121344,0.9398878857668564
DSC02680,AVIF,1,Macro,0.7767103000005591,90.924953,765075.0,39290560.0,98.05,5.0124183,41.13033062284093,0.930892093030654,0.9324973845962948,0.9368943240089148,4.15334,41.946828985486974,0.9432584910409404,0.9406693752513364,0.9402216806471546,7.557654,39.34693352780278,0.9013733629358448,0.8991944755123268,0.900023991052589
DSC02680,AVIF,2,Macro,0.7064623000005668,92.242082,1663546.0,39290560.0,95.77,3.8103385,42.32116780435721,0.9474201112158948,0.949007607796254,0.9525156656837676,3.621695,42.5416849647085,0.9485519310157056,0.947541122978535,0.9479127758040092,6.15276,40.24010382096967,0.9178184971746344,0.9178633536613549,0.9193795229912992
DSC02680,AVIF,3,Macro,1.3250370000023397,93.880935,4625070.0,39290560.0,88.23,1.9660115,45.19494313353778,0.9733095549129188,0.9742573449096812,0.9760880338280034,2.8562052,43.57290941726048,0.9584993063576712,0.9584721296547316,0.95915302529473,4.6177764,41.48647473812184,0.937973241376284,0.9386988402669474,0.940152189087892
DSC02680,HEIC,1,Macro,3.2972121000020707,91.252977,648126.0,39290560.0,98.35,5.021585,41.12239538886783,0.9306022284577178,0.9324458523219722,0.9371960422927738,4.5933633,41.50949571873206,0.9395522263850624,0.9356892188688748,0.9344340440966948,8.0519285,39.07180450281304,0.8954295720851261,0.8920902453206153,0.8922323189985099
DSC02680,HEIC,2,Macro,2.76941319999969,92.128558,1703175.0,39290560.0,95.67,3.5688863,42.60547674311986,0.9513889659234528,0.9531212702692036,0.956790150429036,4.12541,41.97613233596616,0.9422690540469802,0.9401441808407872,0.9401035121536682,6.5987434,39.93619099962599,0.9119807501328374,0.911479019785147,0.9128363761054256
DSC02680,HEIC,3,Macro,8.830499699997745,93.702098,4301105.0,39290560.0,89.05,1.9557675,45.21763127718617,0.9738971114928916,0.9749598016714738,0.9770523164111168,3.2267895,43.04309736073709,0.9528325421810836,0.9526084435134824,0.953348311520854,4.9548655,41.180484798458245,0.9335195029419506,0.9342269410836191,0.9357950952432308
DSC02680,JPEG,1,Macro,0.077270400000998,87.065139,764414.0,39290560.0,98.05,6.5433187,39.97282263031522,0.9149257873969842,0.9156777333146244,0.9201293318479692,4.9759245,41.16206594343238,0.9372153612772502,0.9326477129346772,0.9307313898913052,9.409644,38.395071698278485,0.8854718801864526,0.8790317247467359,0.8772930099092504
DSC02680,JPEG,2,Macro,0.0919613000005483,90.980867,1702906.0,39290560.0,95.67,4.72194,41.38959903862751,0.9355346360917102,0.937372038486704,0.9414422881623704,4.151169,41.949099577946086,0.9416715775486478,0.9396460036738334,0.9396600059333854,7.516456,39.37067243492373,0.9011819171521198,0.8999574351285289,0.9011989435825862
DSC02680,JPEG,3,Macro,0.1304931000013311,93.795478,4494976.0,39290560.0,88.56,2.8641512,43.56084407370376,0.9604937040890495,0.962034931093435,0.9647595206594564,3.1638775,43.12860694800222,0.9526421604558788,0.9528577830907886,0.9538090743916372,5.5501585,40.68774982823568,0.9239726008231354,0.9252582680908792,0.9271866861254452
DSC02680,WEBP,1,Macro,4.32601380000051,91.750308,724836.0,39290560.0,98.16,5.5718527,40.67080741063271,0.9223189780390084,0.9239751645736806,0.9289101484797894,4.383142,41.71294812162026,0.9401146641451849,0.9365685334276956,0.9358103546598332,7.7572994,39.23369818027198,0.8989225178984948,0.8949878379973613,0.8950516287791039
DSC02680,WEBP,2,Macro,7.398792299998604,92.353055,1790436.0,39290560.0,95.44,4.3168592,41.77912461557253,0.9395282338795636,0.9414138493574968,0.9456158053975988,3.702508,42.44584357031812,0.9471990447844216,0.9454838459861108,0.9456135777557512,5.947841,40.38720998981329,0.9203687328532644,0.9194699507792552,0.9206181076233256
DSC02680,WEBP,3,Macro,35.321586399997614,93.116851,4689000.0,39290560.0,88.07,2.5028937,44.14637971357021,0.9664109997864944,0.9677455760394668,0.9702193755934384,2.4891553,44.170283755798096,0.9633081629684452,0.9630563179718742,0.9635802057159052,4.0307984,42.07689291238032,0.945128526869719,0.9454555040358178,0.946611030303173
DSC02686,AVIF,1,Macro,0.7313155999981973,95.678309,754799.0,33424063.0,97.74,2.2706108,44.56937649475929,0.9670528840655448,0.967445317409307,0.9693063686604508,1.9360718,45.26158889777779,0.9755260628015564,0.9739293228317196,0.9729910320677564,3.147291,43.15143455128694,0.9552457841148811,0.9537497555622072,0.9532852155756976
DSC02686,AVIF,2,Macro,0.877752699998382,96.150664,1730948.0,33424063.0,94.82,1.805478,45.56488176625032,0.9732381128620672,0.9737741465169693,0.975383793824131,1.7169284,45.7832818488249,0.97690539564227,0.976037868195888,0.9756097161903512,2.6262484,43.93744576615944,0.96173372852076,0.9611824011122144,0.9611631145234618
DSC02686,AVIF,3,Macro,1.1012613000020792,96.559847,4446612.0,33424063.0,86.7,1.0787994,47.80139667690706,0.9839803173553776,0.9843450191022208,0.9852874726562248,1.5096086,46.342159914129326,0.9791875965748698,0.9786745714144948,0.9784415199984908,2.223256,44.66090866774727,0.9674807975818018,0.967259792058711,0.9673614277001
DSC02686,HEIC,1,Macro,2.090865099999064,95.517221,708038.0,33424063.0,97.88,2.1963658,44.71375695041459,0.9685506498261076,0.9692003940790416,0.971244804217789,1.9025165,45.337519564729824,0.9748948675919136,0.9728691930706028,0.9715142513752224,3.3042202,42.94011387700766,0.9534877595362048,0.951310602239545,0.9504109472466136
DSC02686,HEIC,2,Macro,3.6744335000003048,95.762871,1810056.0,33424063.0,94.58,1.6569709,45.937654858249886,0.976001604730306,0.9766730108033091,0.9783923652503462,1.7490903,45.70268135429898,0.9751668857507404,0.9738205967724246,0.9730723966814784,2.7561474,43.72777918580396,0.9595221519738368,0.958665884823426,0.9584703608555356
DSC02686,HEIC,3,Macro,8.661352500002977,96.213049,4564551.0,33424063.0,86.34,1.0461063,47.935045375708114,0.9848354572980886,0.9852932505218231,0.9863968273020074,1.428515,46.58195582271526,0.978506108779887,0.97797776248246,0.977739939827377,2.107494,44.89313976931511,0.968454863560131,0.9682636972966956,0.9683761395072078
DSC02686,JPEG,1,Macro,0.0964148999992176,93.787451,763520.0,33424063.0,97.72,2.819335,43.62933673169566,0.9619852873246032,0.961966730546136,0.9636172575774478,2.3561616,44.40875274425064,0.9746642286662808,0.972195572947518,0.9701155201746016,3.8096225,42.32198437601892,0.9504767752931332,0.9469604155758696,0.94497712857046
DSC02686,JPEG,2,Macro,0.0517319999999017,95.473058,1686386.0,33424063.0,94.95,2.1133404,44.88110900697727,0.9691885287555936,0.9697985335657991,0.9715755993593844,1.7909788,45.59989897954173,0.975072964681924,0.9736415882517367,0.9727581424822792,3.066605,43.26422515926132,0.9552883122456916,0.9540171627671472,0.953647700826168
DSC02686,JPEG,3,Macro,0.0953372999974817,96.208034,4648791.0,33424063.0,86.09,1.3935114,46.68969820731596,0.9790690760460148,0.9797185695889064,0.9810689564410155,1.4303032,46.57652231907518,0.9779251588106344,0.977621871899465,0.9775627977905204,2.3546758,44.41149255676305,0.9637970321326396,0.9638443640120627,0.9641276268138376
DSC02686,WEBP,1,Macro,5.514678499999718,95.451965,770300.0,33424063.0,97.7,2.370585,44.38224848975192,0.9655370479220998,0.9661454308915852,0.9682850695244802,1.6865307,45.86086119563787,0.9762678054509268,0.9746727801059416,0.9738455052477156,3.1970887,43.08325676060139,0.954380837390022,0.952195915210751,0.9513904631825206
DSC02686,WEBP,2,Macro,4.983208500001638,95.814974,1886384.0,33424063.0,94.36,1.9570419,45.21480256235319,0.9709622949267552,0.971679411832408,0.9735673283752524,1.452722,46.508978475562046,0.9786575542476278,0.9777328681235342,0.9772913106219828,2.4040341,44.321397363266655,0.9645783159972874,0.963787023020218,0.9636120182416036
DSC02686,WEBP,3,Macro,12.393282500001078,96.140655,4792912.0,33424063.0,85.66,1.065214,47.85643483913453,0.9842092871372808,0.984670645206237,0.9856868828505764,1.1372261,47.57233529456451,0.9825577124598418,0.9821555213938172,0.9819891740875334,1.8279384,45.511187755280346,0.9722730978946308,0.972061728762186,0.972138774897326
DSC02695,AVIF,1,Various,1.085920999998052,79.942305,751771.0,39145561.0,98.08,24.381647,34.26017330562132,0.9273927220729292,0.9422053143872178,0.9570528121311612,19.13057,35.31352474735512,0.8695501054015004,0.8684648670903039,0.8762055747462139,24.639553,34.21447546214714,0.8311851069250896,0.8238673851854176,0.8232246086458442
DSC02695,AVIF,2,Various,1.293501500000275,90.922105,1745252.0,39145561.0,95.54,9.913899,38.1683585270326,0.9676957155164212,0.9745752523296388,0.9809561232016152,12.272223,37.24157100964754,0.907111845845224,0.9118661443480705,0.919780555235484,15.583687,36.20410168914594,0.8836939653373435,0.885247125504587,0.8884392971071787
DSC02695,AVIF,3,Various,1.4928880999977991,96.064708,4449749.0,39145561.0,88.63,3.0964515,43.22216063364145,0.9870033594227228,0.9894337855052197,0.9917445337772318,6.9792347,39.69272544865318,0.9457675090891636,0.9500796417362533,0.9549718884081984,8.954179,38.61054609316326,0.9344122479609042,0.9368769847041918,0.938927739603827
DSC02695,HEIC,1,Various,1.68936770000073,83.468285,799870.0,39145561.0,97.96,21.002151,34.9081656839364,0.9339631607650134,0.9476581233945646,0.9613150643933612,20.87642,34.93424351890996,0.8583948950780396,0.8557977435342909,0.8621169617362249,25.063509,34.140384723133025,0.8277698931519442,0.8177360388407814,0.8140417347868242
DSC02695,HEIC,2,Various,3.550652400001127,91.751763,1690335.0,39145561.0,95.68,9.071552,38.55398765836446,0.9691101912427912,0.9756843879146732,0.9818769988613116,14.118361,36.63296078848556,0.8961902414057246,0.9006582815546009,0.9084028230093733,16.925844,35.8453001071451,0.8765745697509372,0.8773476625511087,0.8797575002281945
DSC02695,HEIC,3,Various,3.316684400000668,95.910414,4421305.0,39145561.0,88.71,2.7537389,43.731575971458895,0.9882057454775324,0.9904841997103496,0.9926475354637878,8.218447,38.98290620500192,0.938938577945835,0.943934254444936,0.9491987730117196,10.04427,38.11162016705448,0.929369382461252,0.9324144053026256,0.9346872956129716
DSC02695,JPEG,1,Various,0.0784263000023202,49.204071,750549.0,39145561.0,98.08,78.59475,29.176868234717222,0.8016497832887279,0.8255986642036756,0.855932463217911,50.63726,31.08610149743601,0.7973725362472669,0.7735879707334498,0.7608777846945306,47.94403,31.32345809946128,0.782452437402629,0.7543657677779261,0.7308701711247432
DSC02695,JPEG,2,Various,0.0504997999996703,85.623373,1712717.0,39145561.0,95.62,18.657486,35.42227242937919,0.9391632869175768,0.9508101722946022,0.9619139403129296,18.822136,35.38411469422759,0.8722335315511465,0.875917702406636,0.8849766634661942,23.229443,34.470415732477214,0.8410623245724309,0.8395052165808428,0.8415068397730494
DSC02695,JPEG,3,Various,0.1149165999995602,95.033376,4567320.0,39145561.0,88.33,5.2863336,40.89925799517616,0.9812441029778436,0.9851106944670532,0.9885363712111584,8.914237,38.62996197254588,0.930753140585712,0.9373429110038782,0.944117650894644,11.246713,37.62054761077952,0.91438660952785,0.9189730083156932,0.922711150721784
DSC02695,WEBP,1,Various,8.531604499999958,81.208649,763546.0,39145561.0,98.05,33.09437,32.93326211978742,0.893801859700248,0.914766163380716,0.9374301067962918,25.511618,34.063423810544975,0.8361364806546457,0.8236385324594829,0.8268756871815761,27.979568,33.66239362972032,0.8111355887204394,0.7943655358207595,0.7876718710143377
DSC02695,WEBP,2,Various,4.999106600000232,90.029407,1732780.0,39145561.0,95.57,13.738996,36.75125392906576,0.9530190496981512,0.9629309727400048,0.9724880812308756,14.661396,36.46905051712268,0.8906277253476655,0.8917320339759724,0.8996292257893257,17.541386,35.69016465082675,0.8677448079569147,0.8649663391324708,0.8673037975750804
DSC02695,WEBP,3,Various,6.759821899999224,95.07796,4466162.0,39145561.0,88.59,3.7458298,42.39532325884859,0.9847881890566332,0.9878451499197676,0.9906951196769648,7.3280373,39.4809270723251,0.9423296625684244,0.946104028765808,0.9510482166122608,9.195579,38.495012898037366,0.9308440003415732,0.9326637880397332,0.934700308185188
DSC02725,AVIF,1,Macro,0.7770530000016151,94.647307,747442.0,29208113.0,97.44,1.6795415,45.87889648641038,0.9803603244785054,0.9814490084144062,0.9839631583972606,1.368301,46.76898708186326,0.984455212033602,0.9830590023002976,0.982140825516798,2.0635238,44.98470880320903,0.9744061429114688,0.972835672201454,0.9719556435497718
DSC02725,AVIF,2,Macro,1.136130899998534,96.084079,1756757.0,29208113.0,93.99,1.2214097,47.26218991449096,0.984822872641158,0.9857571231210246,0.987708952122301,1.1811513,47.40774826876596,0.9856445418301704,0.9848563885373756,0.9844307162877736,1.6959003,45.83680028042074,0.9779814546553992,0.977277357081186,0.9769514312193596
DSC02725,AVIF,3,Macro,1.3209225999999037,96.68837,4247943.0,29208113.0,85.46,0.86598873,48.7556814200433,0.9888774408806016,0.9895988864372472,0.991030244951686,1.0700564,47.83673686788208,0.9866757628011849,0.9861878935629128,0.985986574857522,1.461047,46.484161621762766,0.9809005783688928,0.9805442124164212,0.9804390388309688
DSC02725,HEIC,1,Macro,1.7511664000012388,94.744892,744067.0,29208113.0,97.45,1.5867043,46.1258437308834,0.9815700204245156,0.9828385551183496,0.9853683177879936,1.3651323,46.779056199114194,0.983524305573788,0.9817322166693132,0.9805185773643076,2.0180616,45.08145938438929,0.97323186077557,0.9711401449418784,0.969925143600306
DSC02725,HEIC,2,Macro,4.43173459999889,95.740332,1670857.0,29208113.0,94.28,1.1808536,47.40884300624976,0.9857816105344964,0.986840757476942,0.9888628781991812,1.1818298,47.405254268966,0.9844625211612372,0.9833714325440986,0.9827884879316888,1.6500585,45.95581036684139,0.9766236473593796,0.9756371340964896,0.975144647104564
DSC02725,HEIC,3,Macro,5.537563000001683,96.457702,4344769.0,29208113.0,85.12,0.80612195,49.06679627993709,0.9900192881007476,0.9908005702296098,0.9922532378846326,0.9735954,48.247018421766015,0.9862638841703844,0.9857981266704342,0.985638741386118,1.2795538,47.06021808533124,0.9810392449320308,0.9807094535113868,0.9806092749285116
DSC02725,JPEG,1,Macro,0.0408814000002166,85.160687,757982.0,29208113.0,97.4,4.1326146,41.96855453522453,0.961663557781214,0.962570814934722,0.9669795081668756,2.5474205,44.06979707721443,0.9793130334190976,0.9753438138752116,0.971132838202454,3.3909876,42.82754172649522,0.9685435379214646,0.9637519093903651,0.9591160854422348
DSC02725,JPEG,2,Macro,0.0492665999991004,94.831215,1742623.0,29208113.0,94.03,1.5355464,46.26817400893145,0.981853801958141,0.9830131086947986,0.9852966440477584,1.2378869,47.2039939153871,0.9840887106081868,0.9828963807083734,0.9821879437230074,1.8361602,45.49169809317719,0.9745255023879278,0.9732688210997272,0.972617005434766
DSC02725,JPEG,3,Macro,0.1144214000014471,96.405286,4797915.0,29208113.0,83.57,0.95051116,48.35123161388469,0.9877138396828584,0.98860867110839,0.9902327045675584,0.95848674,48.31494241459647,0.9858939458496968,0.9855508193290868,0.985484020247311,1.3719542,46.75740760175488,0.979126487632196,0.9789453840428068,0.9789786689426166
DSC02725,WEBP,1,Macro,2.590222699996957,94.259398,761334.0,29208113.0,97.39,2.0833523,44.94317630463427,0.976269421728716,0.977861780334183,0.9813095425108068,1.3106455,46.955951468193845,0.9835189061102152,0.9817430586396274,0.9806452342562552,2.0234165,45.06995065302949,0.9728191696476712,0.9705381967593504,0.969276713628093
DSC02725,WEBP,2,Macro,3.086846000001969,95.39823,1556270.0,29208113.0,94.67,1.4843388,46.41547346593435,0.9816161303479732,0.9829300085382808,0.9854877934334946,1.0870883,47.76815524146626,0.9850773690185424,0.9841028433434366,0.9836714642407116,1.5942092,46.10535030931637,0.9770405158236872,0.9759941464132346,0.9755719480287082
DSC02725,WEBP,3,Macro,9.107144199999311,96.658357,4315106.0,29208113.0,85.23,0.8394245,48.89098736242744,0.988786249756655,0.9895839307029076,0.9910779134639373,0.8839205,48.66667180599421,0.9872167674677282,0.986759789077216,0.9865824181966532,1.2725185,47.084162522665,0.9809792233523352,0.9805578278345474,0.980415441948868
DSC02757,AVIF,1,Macro,0.6015908000008494,95.370084,749288.0,26249308.0,97.15,1.0997145,47.71800390742497,0.984182579030262,0.984637748339671,0.9862289988551396,0.98514044,48.19582232786602,0.9889127547659098,0.9880275482025958,0.987428093431688,1.4402684,46.54636938194896,0.981210848055227,0.980317356539884,0.97993452960626
DSC02757,AVIF,2,Macro,0.6807170000029146,95.880086,1655441.0,26249308.0,93.69,0.9533128,48.33844915751841,0.9859654478699604,0.986467286553714,0.9878943958691452,0.94377464,48.382120814393794,0.989042889907747,0.9883119052544386,0.9878208259775314,1.3372074,46.86881593655757,0.982069136397759,0.9814107680405632,0.981165142724828
DSC02757,AVIF,3,Macro,1.1542838999994274,96.153199,4555286.0,26249308.0,82.65,0.725932,49.52184430514927,0.9890572640903622,0.9895233504886348,0.990656340099216,0.8538333,48.817072438437,0.9894759561549492,0.98908935136378,0.9889095339282568,1.1012568,47.711917463618,0.9849941059811148,0.9847452087775004,0.9847564125561336
DSC02757,HEIC,1,Macro,3.1689718999987235,95.327323,705465.0,26249308.0,97.31,1.0541707,47.90169420701914,0.9849738152739652,0.9855001491831784,0.9870644558605172,0.9671643,48.27580118447233,0.988570770634453,0.987569663683298,0.986855544459226,1.4661798,46.468931268953824,0.980194177036168,0.9789855288392436,0.9783980164887924
DSC02757,HEIC,2,Macro,2.550420799998392,95.71151,1567989.0,26249308.0,94.03,0.89715165,48.60214486513862,0.9869201174757548,0.9874478345833414,0.9888731856108246,0.89828926,48.596641404015415,0.9887096053936412,0.9879690328065912,0.9875207550125356,1.2801652,47.05814351761468,0.9818561053194012,0.9811956195440964,0.9809704126636168
DSC02757,HEIC,3,Macro,3.972565700001724,96.222381,4902752.0,26249308.0,81.32,0.6636594,49.91135114987376,0.9900473038709552,0.9905153343858312,0.9916385041057602,0.79269314,49.1397527598799,0.9891469364289264,0.9888216167555172,0.9887094042904916,1.0200706,48.04450144042838,0.9848682717291568,0.9846723739311074,0.98473016904357
DSC02757,JPEG,1,Macro,0.0463812999987567,90.455234,757369.0,26249308.0,97.11,1.6688174,45.90671545819296,0.9792912167504708,0.9794444426362195,0.9811370980206788,1.3767098,46.74237952098529,0.986400249200608,0.9844837486670868,0.9827849830904324,1.9692668,45.187757845042064,0.9774517315024864,0.9750078887651054,0.9732286518613874
DSC02757,JPEG,2,Macro,0.0866322000001673,95.110195,1739670.0,26249308.0,93.37,1.0283899,48.00922537892012,0.9848413389331668,0.9854044518339724,0.9869416882998856,0.97162724,48.25580673780931,0.9882786791740972,0.98751007597404,0.9870392116114745,1.4032576,46.65942959830743,0.9803367244764464,0.9795393601732068,0.9792329156396912
DSC02757,JPEG,3,Macro,0.1088318000001891,96.047721,4736373.0,26249308.0,81.96,0.7804528,49.20733705337074,0.988142516160839,0.9886925800719958,0.989961453500934,0.7782153,49.21980605495386,0.9889782792645624,0.988698331397032,0.988630999394479,1.0959979,47.73270631143616,0.9832856716678138,0.9831458533955956,0.983261443212378
DSC02757,WEBP,1,Macro,2.8388175000000047,94.955219,718710.0,26249308.0,97.26,1.141335,47.55667212565014,0.9839753746026908,0.9845133151350824,0.9862278654066472,0.88255686,48.673376902098624,0.9887541955160628,0.9877573576216048,0.9872104414631606,1.4017342,46.66414681471914,0.9806298082415822,0.9794147342094036,0.9789218205954148
DSC02757,WEBP,2,Macro,4.9837001000014425,95.482994,1660388.0,26249308.0,93.67,0.93000746,48.44593946585099,0.9862831823984648,0.9868617422703552,0.9883607602134682,0.7665617,49.28533268009425,0.989465287055552,0.9888643941652212,0.988571449218839,1.1041195,47.70064253891181,0.983855895724265,0.9833136738860164,0.9831734937192405
DSC02757,WEBP,3,Macro,9.73464569999851,96.141969,2995832.0,26249308.0,88.59,0.7408482,49.43351123738626,0.98889204176532,0.989377318078833,0.9905583913117784,0.7358228,49.4630712026552,0.98984543031691,0.9893838748279208,0.9891444839182516,1.0636616,47.862769018538735,0.984219769785956,0.983813521410806,0.9837384257726932
DSC02758,AVIF,1,Macro,0.5835299999998824,95.10039,781568.0,27540616.0,97.16,1.2481563,47.168113801124605,0.9828521845683824,0.9834844425436504,0.9852014820867474,1.1061959,47.69248312267862,0.9873922198008284,0.9864589091847764,0.9859746846279348,1.7575328,45.681769183211415,0.9768374617619842,0.9759108018260833,0.9757984661358304
DSC02758,AVIF,2,Macro,0.849668599999859,96.192975,1806773.0,27540616.0,93.44,0.998936,48.13542705715304,0.9859648168603804,0.9865664105132612,0.9879926188587308,1.0253919,48.021904719359824,0.9878769936215364,0.9871913378947824,0.9868763290622544,1.5526941,46.21994480015473,0.9790365870685096,0.9784981278772106,0.978558246739986
DSC02758,AVIF,3,Macro,2.085890000002109,95.948714,4297004.0,27540616.0,84.4,0.7827268,49.19470145742116,0.9887231004122314,0.9892902481722184,0.9904756960700936,0.9324571,48.434514864020535,0.9885116468632072,0.98814262367235,0.9880703060191196,1.2991154,46.99432620771616,0.9822865613055616,0.9821268355619468,0.982365311452114
DSC02758,HEIC,1,Macro,1.6551732000007178,94.764497,708700.0,27540616.0,97.43,1.2060465,47.317163116468286,0.9835292295707896,0.9842801490516172,0.9860530327885764,1.1238519,47.623712751409045,0.9864269639391684,0.9852735033074932,0.9846410343179396,1.8163087,45.53890703307224,0.9753685462625372,0.9740946216593588,0.9738267721038952
DSC02758,HEIC,2,Macro,4.371334499999648,95.430961,1829751.0,27540616.0,93.36,0.957206,48.320749503368944,0.9866252411850924,0.9873404953063756,0.988871116332664,0.9923814,48.16401747962481,0.9870111816915472,0.9863241307556992,0.986084720478199,1.4841712,46.41596370305517,0.9787906349069808,0.9783296859015004,0.9784832982618936
DSC02758,HEIC,3,Macro,5.747223099999246,95.975134,4309074.0,27540616.0,84.35,0.7382931,49.448515346807554,0.9895194402891124,0.9901269479487272,0.9913596918102064,0.8770925,48.7003496228608,0.9878406324720538,0.98752168595967,0.9875252938941486,1.2287959,47.23600600817187,0.981946354891481,0.9818558898890012,0.9821621644066594
DSC02758,JPEG,1,Macro,0.0392716999995172,87.423617,755211.0,27540616.0,97.26,2.2565567,44.59634107581028,0.9738352621677704,0.9741272965599188,0.9763317448779648,1.8259844,45.51583311862422,0.9831217985871858,0.9805341242307996,0.978428345796528,2.7861238,43.68079954331665,0.9697992324984248,0.9663466178523624,0.9642132674042188
DSC02758,JPEG,2,Macro,0.0474395000019285,94.568775,1703051.0,27540616.0,93.82,1.1633724,47.47361609108733,0.983825907686514,0.9845524209542262,0.9861988327774152,1.0745072,47.81871027171523,0.9863022522840268,0.9853905793618436,0.9849911039346448,1.7392309,45.72723113641966,0.975516166856528,0.974668367598119,0.9746759884895791
DSC02758,JPEG,3,Macro,0.0665878999971028,95.881392,4336999.0,27540616.0,84.25,0.8562688,48.80470235371381,0.9875414809236672,0.9882117562555922,0.9895445723839832,0.8572231,48.79986493866173,0.9876316970817052,0.9873632120757452,0.9874081362196652,1.3305072,46.89063132089417,0.9798369272026451,0.979803970188888,0.9801785682019196
DSC02758,WEBP,1,Macro,2.4767963999984204,94.442743,800066.0,27540616.0,97.09,1.3392006,46.86234727115427,0.9821114409050964,0.982889583607049,0.984846364227704,1.0184706,48.05131833589475,0.9868411724606316,0.9856687010658356,0.9851840408164422,1.7876893,45.60788310727244,0.9755731110748465,0.9740922825652002,0.9737687678759464
DSC02758,WEBP,2,Macro,3.143524000002799,95.258435,1849380.0,27540616.0,93.28,1.0422621,47.95103429190369,0.9851992852951752,0.9859827667816788,0.9876375073031892,0.854055,48.81594512681768,0.9880447555114706,0.9874433587694912,0.987293132933578,1.334762,46.87676531888808,0.9806696837373796,0.9801698033341948,0.9802736763637944
DSC02758,WEBP,3,Macro,7.344226799999888,96.118969,3511442.0,27540616.0,87.25,0.7817187,49.200298884437686,0.9886545101651374,0.9892574515334374,0.9904805597931724,0.7884174,49.16324175461133,0.9888913526112384,0.988497514246567,0.9884196520419902,1.248499,47.16692148255101,0.9815307662782098,0.9812290850426668,0.9813931089749652
